Year_Month,portfolio_1,portfolio_2,portfolio_3,portfolio_4,portfolio_5
1994-01,3.4957077397477,3.919498045795322,4.544715525668508,5.157347571993687,5.765110840329002
1994-02,0.015266100010080663,0.6261123007450076,1.4968553356903724,2.364125215781643,3.2743114286019948
1994-03,-3.8452352860034456,-3.5024612792062926,-3.0839759867602567,-2.6969326703789376,-2.3692988661834113
1994-04,1.037305034011471,1.454517624079732,2.0458929706589135,2.6130337665731806,3.1646094574758976
1994-05,0.5973355599784513,0.9688459286470552,1.4443588586674272,1.8706153747163112,2.2498981100871784
1994-06,-0.8735051017028095,-0.6211700481324911,-0.3303798421168902,-0.08514897303437685,0.12751495415390668
1994-07,2.2829112147284336,2.725324553809849,3.3453756909857413,3.8969188439333724,4.437911938440164
1994-08,4.189216137661145,4.612111482139336,5.2302523128192835,5.9360935859969155,6.707705293283572
1994-09,-0.3291693922211181,-0.06162249244192619,0.3272452669049519,0.6988272251891026,1.071187980538224
1994-10,1.1769266213975005,2.175201142378058,3.60769498693454,5.109874158165861,6.677862818166003
1994-11,-2.5920910979586265,-2.408449942444002,-2.159264899470381,-1.9636701434982085,-1.7921111684500501
1994-12,1.4120248729452056,2.029050836380941,2.820355434242461,3.556446471480701,4.271349283440595
1995-01,2.1178560797099344,2.6695246888199797,3.131545023376936,3.557398408396484,3.955332774769249
1995-02,2.6959214668487608,3.3257113089626644,3.9007427700754382,4.464971137325269,5.032593541034314
1995-03,1.6352237444292594,2.3866090439488286,2.9704836659398826,3.564258313060553,4.164582373050374
1995-04,2.0170671215212543,2.4853283154328,2.816383067672845,3.1178792095965635,3.4206703947668116
1995-05,2.392312947589126,3.269957744601326,4.077461079724931,4.9218441836764715,5.763173276288902
1995-06,2.954817531311571,3.656309798739832,4.125782232008479,4.6411549999654245,5.195273337364337
1995-07,2.88407193596536,3.432646619330826,4.025454334295886,4.632771990820084,5.201341176587171
1995-08,2.2663342258112618,3.074130294965527,3.842675293984388,4.644348996694059,5.454149330912905
1995-09,2.2653820345554188,2.7881513427355564,3.2495603485388935,3.705457407896029,4.117115167916707
1995-10,0.07663441662502102,0.7187626941477232,1.1791659692834688,1.6029310431195043,1.9559171891332605
1995-11,3.084108880482672,3.752266128619297,4.370959941703068,5.007272385850725,5.623977917439693
1995-12,2.9900013506232392,3.692007443305778,4.287502156723555,4.8513130681575145,5.359721854009569
1996-01,1.7849189410363397,2.362997485547491,2.665232384305005,2.8503633859689126,3.0339666428822465
1996-02,1.5738177019144262,2.086806962964416,2.4965892601552797,2.892066842029828,3.2673090720747533
1996-03,1.6347972059583604,2.3096422489514934,3.0724742880305467,3.8712528636406285,4.7969966072715975
1996-04,1.4458658981427952,2.197279392476892,3.107860767134807,4.109379271198743,5.155171758710564
1996-05,2.427303161684913,3.048682782072021,3.859777475308568,4.730239470608755,5.622960664976184
1996-06,0.5996464544459901,1.2564651117133119,1.6996536464134016,1.9903603381941748,2.264847256256153
1996-07,-1.6683784975105365,-1.296006515278847,-0.989681506912754,-0.6670624050827967,-0.5141820453579915
1996-08,3.284495351561212,4.003249781895879,4.6682755377934315,5.396141153951883,6.196650163573381
1996-09,2.390330460466461,3.038054741262397,3.6063188328999907,4.179987086716497,4.698623865209095
1996-10,1.8714022303288447,2.6692408720919714,3.327767281730143,3.9728402400237783,4.471008891694694
1996-11,3.5848746956200994,4.530564776750934,5.352873062581831,6.138176612799917,6.906389389728496
1996-12,2.90047383542662,3.623922981641625,4.381629935322162,5.0089075746500455,5.532721926691075
1997-01,2.95463971396559,3.4705834287518833,4.1628928058299985,4.976242639656947,5.837518614931003
1997-02,1.0902703456794338,1.6301902857382755,2.0842027164956978,2.4358085629472725,2.7114655002054233
1997-03,-0.48171114769537393,-0.019673695930799706,0.35747380900739145,0.7484944023896212,1.1082986555431162
1997-04,0.5624069537155441,1.2713750379592659,1.914958142483636,2.505097661993161,3.1531778655196296
1997-05,4.821060830605295,5.097929489649955,5.299546325148952,5.594488219653737,5.9761739535658664
1997-06,4.413888469745264,5.241127568559922,6.269453761385213,7.20736707013967,8.081582583311597
1997-07,3.8933669948081118,4.417456861675517,5.213188312453121,6.06058454590539,6.9781279448777545
1997-08,2.7152415337727165,3.2499486317264736,3.760335411093063,4.34803403441717,4.962173789747326
1997-09,5.471346164571278,6.118748543273633,6.915638197533069,7.597122189679517,8.183192871837841
1997-10,1.5121023312404391,2.2708446117391423,3.029096648942131,3.6877348283838707,4.31665535590855
1997-11,2.132869905642032,2.8255323543936006,3.311318805686847,3.7732068909815286,4.204049265451548
1997-12,3.5437003920249843,4.462926263114775,5.303974147419677,6.079453701889759,6.663674845806389
1998-01,-0.38884765080309247,-0.007202590080790383,0.3014121084833121,0.5184211978355835,0.6820708994251579
1998-02,1.5535942260475055,2.0105252847662403,2.5394754865791347,3.059372876877897,3.624690803349173
1998-03,3.606809738812733,4.261086582280793,4.9001165441100225,5.567049466380025,6.357193149603857
1998-04,0.1692904808377138,0.3884378629997354,0.6484698948500345,0.9837395345084099,1.3726267451553698
1998-05,-0.5941088503843228,-0.2836570157517593,0.0332596963475984,0.3678915346040368,0.6090201223383884
1998-06,0.8417871678006339,2.245905132924686,3.543752178540438,4.812573810706455,5.992060401331756
1998-07,-2.822791546937775,-2.1803219065234414,-1.6524897952003403,-1.1299863390690001,-0.6221676440292145
1998-08,-4.403983781423715,-4.0956291484589125,-3.9646356024793716,-3.8799935822231957,-3.9078622101240024
1998-09,2.6131056424768317,3.4523279616897495,4.2173000124554605,4.983475042351682,5.807924059753455
1998-10,1.8009320445617982,2.405916066095748,2.8926458754622297,3.46548446608399,4.134982342277249
1998-11,2.3315879956129493,3.0916299656961854,3.7306671299298655,4.365381214783759,5.081701948973594
1998-12,0.3380200360294294,1.7254796838055642,2.8944033988660856,4.058912743426268,5.221764473951773
1999-01,0.3356076654568607,1.2299940650321473,2.1504106123955147,3.11440089126116,4.15335426799357
1999-02,-1.9992170114623509,-1.6312832764988516,-1.271810136251017,-0.9707485944238758,-0.7383788365473265
1999-03,-1.0710969486257493,-0.6000886307212516,-0.19839189927824963,0.22616834407314101,0.64235680946374
1999-04,5.095033206479194,5.797577811025989,6.602922734041994,7.3871830835475105,8.173595638495579
1999-05,2.2266197875806304,2.6344608917981738,3.055346524517022,3.486754654451163,3.8842817277670916
1999-06,1.6560478697422942,2.4419882366741863,3.1981064538642023,3.983938031659928,4.72926624186234
1999-07,0.28866442484800636,0.9414162241499602,1.441958784431474,1.8619251720009,2.249830254831986
1999-08,-2.303207929922846,-1.5651565732148986,-0.8287322547291143,-0.17770169188926488,0.4233250452332138
1999-09,-1.8151656910097125,-1.1347808068059795,-0.6174956918891805,-0.06564592307767292,0.45213416566032283
1999-10,-0.1737452917750737,0.5261267511625034,1.0911807938604134,1.6982496469508446,2.3056791548246025
1999-11,0.7839090091916079,1.9851828810068417,3.0383193236104056,4.087094674346292,5.1864797223923675
1999-12,-0.10586981790701167,1.45051024151579,2.971883285730126,4.533460034597225,6.191388150704769
2000-01,1.8756082965454723,2.82614104378498,3.7339173143601245,4.726288003787382,5.779251547660658
2000-02,-0.02328247085106039,0.7632018846454258,1.7607207385772483,2.8246029968599595,3.9204783301447943
2000-03,2.3515571596993246,3.5225755412104265,4.5588256558254825,5.5945759413817076,6.682505530397198
2000-04,1.0429674333492844,1.928081510145585,3.136762001216531,4.2207224085129,5.289526797765198
2000-05,0.8200531479462869,1.9080314949377453,2.976530124436505,4.014887292350866,5.010150632830834
2000-06,1.5248495608425783,2.45172642381728,3.4152328698936696,4.449408038869351,5.45743377849508
2000-07,2.3061829010242008,3.362929377993651,4.394923118497518,5.220011848757644,6.07317982753337
2000-08,2.477768889867593,3.6091556458398566,4.775714287512334,6.139360889277867,7.552675020603172
2000-09,1.716194970972551,2.613226874193253,3.2390778225015238,3.9238558755760433,4.628279858372952
2000-10,-0.47817470412369056,0.26147493537547195,1.223143578649566,2.020913343898556,2.790407341805312
2000-11,0.5044132829636228,1.3653533140367546,1.9744902887373073,2.546606642605953,3.0690396493607164
2000-12,5.115760775789968,6.428742412779087,8.071086801192106,9.682787718447837,11.212446407371912
2001-01,3.578474394659681,3.826662657561597,4.420892609159388,5.036107198654682,5.637060307144637
2001-02,1.0345086185731267,1.1598441289234929,1.417106180084593,1.7182162212765029,2.0569864350072464
2001-03,-0.29535048870716896,-0.1535914559472551,0.13519116214011362,0.4872900868946095,0.9105610536754405
2001-04,2.9850916583473053,3.153885308026916,3.6734032995461963,4.236531799242882,4.8200742235974925
2001-05,4.943597016196266,5.236903863404652,5.786863830867861,6.2999431534070505,6.8184652062495354
2001-06,2.2267445456191304,2.3476032520378887,2.4769177926994734,2.6395788392245656,2.8112919405205883
2001-07,1.3394704877724761,1.524184649383642,2.028552417600493,2.5811298317604425,3.172542655941424
2001-08,1.9604107456872688,2.1289807267662386,2.435836483391185,2.7219363172574784,3.026446636753777
2001-09,-0.39351881653033605,-0.18664074147762832,0.04380176137792624,0.2132080273932635,0.42173185051510576
2001-10,2.899843478621933,3.0454993545639963,3.308057233273076,3.560619639470386,3.8325072821534967
2001-11,2.907052224362894,3.045926814979727,3.1735973639142268,3.2970013301526047,3.442163567540857
2001-12,2.825861655483508,2.9839065821867017,3.381699409314143,3.734764963165982,4.100226395498097
2002-01,1.8405997687566122,1.8373690243204566,1.8345975224568933,2.070735613001773,2.471057242422803
2002-02,2.4099116000119603,2.407175663893568,2.404828495769684,2.531152228596101,2.7381895695602454
2002-03,5.232294097752699,5.2361798901885415,5.239511549395903,5.349935147005436,5.533458857056717
2002-04,3.6278409661157696,3.623091423863589,3.6190179147460144,3.695302358034791,3.8224917517947876
2002-05,3.1846157509356265,3.1857257847622833,3.186677810734184,3.2931451658611,3.4725359774076425
2002-06,-1.0423431347103218,-1.0472207138668477,-1.051403126683892,-1.0097641927119705,-0.9311261798168657
2002-07,-2.883871265789517,-2.8902501567303784,-2.8957170720174896,-2.8586274831089,-2.7913623509414176
2002-08,2.472655467599316,2.4733180897681173,2.4738853502253244,2.608171069321341,2.834230651534231
2002-09,-1.4239176285350208,-1.4287072567794157,-1.4328132975865437,-1.299063427495084,-1.0735614903722102
2002-10,0.4870462198053982,0.4883999583879639,0.4895614967209916,0.6030340379550969,0.7945130733920225
2002-11,1.6766773942147317,1.6807190948182615,1.6841848438835738,1.753570090201828,1.860787043365697
2002-12,3.368864880935507,3.3659884585931943,3.3635214432927274,3.5143882040005625,3.7679790584387307
2003-01,0.4084228210897711,0.6445376739360187,1.1383493204990103,1.6107188752956247,2.0778934871361843
2003-02,0.4144630630594559,0.5672750677583327,0.851065100473769,1.1260390508947449,1.383936060810309
2003-03,1.23470832431809,1.60152866672032,2.257497766671146,2.855367893306804,3.4423760591114405
2003-04,3.967702558775832,4.105128115486423,4.567039026249353,5.278944583711898,5.9864391282863805
2003-05,5.489479122210561,5.724499328335986,6.212171264331379,6.768814787545829,7.303510306159611
2003-06,2.4344643745873418,2.56029706959906,2.7861816582012366,3.1150298226292117,3.463940330279569
2003-07,3.6278033139040655,3.903660817296206,4.383556830836088,4.748776425765788,5.103968238160506
2003-08,3.0341190819581643,3.1530835513774447,3.4211522255884974,3.718667773274964,4.009471916365515
2003-09,2.5949959391982524,2.719942184623725,2.9444718087458632,3.1809013582452694,3.4099032450662925
2003-10,4.9722038844124405,5.346520735957205,6.03803168567989,6.756676202081491,7.484241474407494
2003-11,4.769742615365979,5.1058489325650935,6.174759740059899,7.089637271539817,8.012887263864531
2003-12,4.3585113603698655,4.690098620707861,5.692385247206677,6.697183633219672,7.717414335711248
2004-01,2.740477974128419,2.8095172831293924,3.0620700080607577,3.3150416737294908,3.568432370719199
2004-02,2.7632066993776183,2.839739855014467,3.119207477035224,3.398354193216946,3.6771764410351793
2004-03,1.2716844805798155,1.3652404949170194,1.707734819557638,2.0512020080952986,2.3956442236645614
2004-04,-2.7379133804251943,-2.665099527293935,-2.3986282107558043,-2.131540062239856,-1.8638339336926157
2004-05,1.5008551512952772,1.5266870151540157,1.621091086837101,1.7155081699498753,1.8099381799348002
2004-06,4.503031395360058,4.627021181483237,5.081216023792212,5.537153297849939,5.9948388451043
2004-07,-4.003607288300348,-3.920884913897793,-3.61810626968615,-3.314554754663279,-3.0102289638149315
2004-08,0.1725659079954367,0.22876976714532038,0.4343798897064044,0.6403482893129642,0.8466754695822809
2004-09,3.794067015456637,3.8329720590213556,3.975227678790283,4.117620550341705,4.260150722767109
2004-10,2.17297745631031,2.2171254247722816,2.3785514652086226,2.5401328066100515,2.7018694195153348
2004-11,8.190622125661084,8.623886618570475,10.211775978099213,11.80696627252007,13.409480516411376
2004-12,4.178765004320928,4.194374598645534,4.251355020907144,4.308239946183634,4.365029198259229
2005-01,0.05402147292561388,0.5904143701015663,0.8810666110639298,1.0623863692089675,1.374858258149314
2005-02,1.0036316136046608,1.79713140108817,2.4605249672850604,3.060971087599307,3.691482472900365
2005-03,-0.7190458533542388,-0.32879362232348663,-0.27861381035860777,-0.2605870291358059,-0.08432586776160322
2005-04,-1.5620855429492986,-0.7488613609246575,-0.24178066671286524,0.14699390979524551,0.42295364698285987
2005-05,1.1827831985376625,2.064715157304553,2.9084296561586287,3.727831318221031,4.495267665068603
2005-06,1.3244867159029505,1.8142086430703808,2.1960782432183468,2.5962457551133467,2.910845843932286
2005-07,3.0423739701840535,3.6777923748890107,4.4994162237060875,5.596361807922867,6.662519690461299
2005-08,-0.6174679360694157,-0.27433413604124324,0.2383664992745338,0.6263143150936568,1.0331220008565012
2005-09,1.5193242537816953,2.478194995366434,3.324451402277462,4.079219057599981,4.7023600768774765
2005-10,-0.3930128827883128,0.3404940060135919,1.1491927551902092,1.9918859194454575,2.654905878500591
2005-11,4.367874767804669,5.165635467501195,5.979302670577136,6.843892270287633,7.760577853813699
2005-12,-0.008711957178242358,0.5864479760468555,1.0433084372421186,1.5925349694336344,1.9897313761355395
2006-01,-0.16236750355916874,0.21182384067395255,0.932456583300989,1.7346033125852367,2.5725384152262
2006-02,1.4073607924940168,1.7208404858540804,2.210173941720428,2.751954309970994,3.267661198233829
2006-03,3.326078763856377,3.712304517284637,4.370398502380968,4.915461372741903,5.501041902618042
2006-04,0.5125147708218369,0.8375900264442127,1.2739559269204115,1.6386417804014508,1.9972480140658444
2006-05,-0.3880354224789717,-0.09155417187622916,0.37663191930596973,0.9044360342690849,1.4323884228965689
2006-06,0.11034010531589811,0.3235139436963186,0.7219547377167457,1.1481324089835265,1.4990074592558633
2006-07,1.3635504241191532,1.5496792441989315,1.8963630396026554,2.1156411513437057,2.3269659260835907
2006-08,2.407669691711689,2.707045953114795,3.2133638833773626,3.767844341775217,4.283889705722532
2006-09,1.667477641304549,1.895471425442996,2.2839146118435183,2.6941072581344594,3.0405755770873233
2006-10,2.766467384793847,2.9674390024563957,3.315835384051291,3.663455180054176,4.112304730342253
2006-11,1.6464773463900517,1.9242482189151033,2.49119592609075,3.0135293284140108,3.5137458211094152
2006-12,2.7208824776369323,3.09863946013329,3.7858497646883205,4.5670978496714865,5.373560492791585
2007-01,1.5946236043457462,1.7283452646032593,2.401472636750812,2.811283939289466,3.189298411919883
2007-02,0.7212252476158865,0.7598670461389734,1.214273320573378,1.897042746242561,2.5846745122926063
2007-03,0.2603454702869268,0.35705575316196114,0.9237743129468345,1.2492921913330512,1.558520663796048
2007-04,1.887736100095272,1.982013352716061,2.5409405655593575,3.0423559217291674,3.5553285157688963
2007-05,2.3674108785715076,2.443496408114143,2.9370369160603316,3.218625217666826,3.565172880788614
2007-06,0.005309389168273171,0.10657740175550323,0.6732441857880689,1.0842353810943894,1.4535340034057764
2007-07,1.375978244118814,1.5557355494783653,2.5174841111352153,3.2697918694094996,3.9880970057528664
2007-08,0.2602196195342632,0.38985490499250375,1.147912407350149,1.4954296726442662,1.8152044157175196
2007-09,1.7478411118934112,1.8397590287513754,2.318578914019076,2.4950023861563198,2.690540116265505
2007-10,0.5013842146122771,0.71062085945921,2.103437479698278,2.942305497869868,3.7943986551832065
2007-11,-0.0040291968596228855,0.11531257510075665,0.9227112909988788,1.6637554449838277,2.35605231785625
2007-12,-1.3309667647068868,-1.0979761612671002,0.1060706037659287,0.8989309552010605,1.6435236039155976
2008-01,-1.1287224969207754,-1.1287224969207865,-1.1287224969207865,-1.1287224969207865,-1.1287224969207865
2008-02,-3.084544008809975,-3.084544008809964,-3.084544008809964,-3.084544008809964,-3.084544008809964
2008-03,1.012724827688971,1.012724827688971,1.012724827688971,1.012724827688971,1.012724827688971
2008-04,4.568224545103905,4.568224545103883,4.568224545103883,4.568224545103883,4.568224545103883
2008-05,3.3404680569760092,3.3404680569760314,3.3404680569760092,3.3404680569760092,3.3404680569760092
2008-06,-10.490091521038746,-10.490091521038746,-10.490091521038746,-10.490091521038746,-10.490091521038746
2008-07,4.630374767174228,4.63037476717425,4.63037476717425,4.63037476717425,4.63037476717425
2008-08,4.397906577786181,4.397906577786181,4.397906577786181,4.397906577786181,4.397906577786181
2008-09,2426.739547801871,2426.739547801871,2426.739547801871,2426.739547801871,2426.739547801871
2008-10,-17.831943330158506,-17.831943330158527,-17.831943330158527,-17.831943330158527,-17.831943330158527
2008-11,-9.120169150944058,-9.120169150944058,-9.120169150944058,-9.120169150944058,-9.120169150944058
2008-12,4.830098375585945,4.830098375585967,4.830098375585945,4.830098375585945,4.830098375585945
2009-01,0.9284107879287129,0.9919235097449519,1.1217094919977688,1.2393081424892038,1.3154534843154986
2009-02,-3.336577799225593,-3.1957622962391685,-2.803249081273862,-2.39182586108454,-1.9956433782429173
2009-03,6.550580435873976,6.929151835798297,7.9995151039042645,9.087639159572536,10.172139870240947
2009-04,3.308968129431955,3.7583962795210146,5.071847308469901,6.389795635904072,7.685490016461394
2009-05,3.747681509783396,3.9109533353026693,4.319153821796884,4.717723454537226,5.140497102984765
2009-06,3.6787458360875824,3.740307307483093,3.955321866803918,4.138405668271505,4.316934561730634
2009-07,3.8365031660965387,3.925286426213237,4.1255579715033575,4.352765792229363,4.622156222910423
2009-08,1.7298758257670244,1.8827510722844387,2.346950773713763,2.7899208742643733,3.2187576801744555
2009-09,3.1851832277452807,3.317651021336787,3.744719443618738,4.155872741483169,4.559525188840685
2009-10,-3.228011558066879,-3.1755213788876357,-2.9544553725574962,-2.751752976092625,-2.5296344285565597
2009-11,0.33244021530098866,0.3520126552004177,0.4983358947638239,0.5945337315094612,0.6504358137033428
2009-12,3.596607280377606,3.7997199673491577,4.350645092925687,4.907173822707267,5.475361862737227
2010-01,-1.9076797638592824,-1.1454135768323326,-0.435091658681408,0.37067471232459237,1.1415794473235819
2010-02,2.6138997503413197,3.098196816882126,3.6376528937798858,4.213459327566427,4.665590831867417
2010-03,3.496130827066546,4.8551290868973584,6.141329485424607,7.331065208991605,8.736686919514792
2010-04,1.8728955179549756,2.8855575555182478,3.89100442944581,4.915238779026443,5.899365718348815
2010-05,-1.8308289822181467,-1.4663252848240549,-1.2046718431919512,-1.0144678786948358,-0.9931800893961951
2010-06,-1.9422967902171018,-1.9676602130712206,-1.9599825426037332,-1.9726743594850493,-2.081058722492335
2010-07,2.1747280280228543,2.487987725066576,2.6885088125035983,2.9003638422370193,3.1911010114143767
2010-08,1.0616740042285189,1.4460494653325329,1.7647369488673403,2.0033712462628195,2.0533593914961568
2010-09,3.4404429717413754,4.3658058518590614,5.499502779067211,6.663389665944042,7.502004511340199
2010-10,1.9401631712855805,2.7294929943117996,3.5093199698423616,4.319844282171537,4.951726577634141
2010-11,2.926046736773724,3.258770262801347,3.545337950437366,3.9975560592969916,4.604164419026824
2010-12,3.5554396157637447,3.8374710841974746,4.151143386632339,4.41535721386157,4.6550985750671625
2011-01,0.08198724195758178,0.07163199229758277,-0.2618419280823847,-0.7926448650792062,-1.1318470063953812
2011-02,1.068167003621423,1.1309590730189,2.3117881143733365,3.3603533704503086,4.465407251876363
2011-03,-0.45967962406779916,-0.4145007329802164,0.37173636337559657,1.1907296971376935,2.0760337828430675
2011-04,4.496472463977796,4.510910451962924,4.676278125829492,4.594662442293962,4.676459405967615
2011-05,-0.10442769104254124,-0.09314034321272757,0.2188978962100352,0.7199707959334889,1.013370357906429
2011-06,-2.107134070841754,-2.0838634705362846,-1.4141741326978985,-0.7634626775096964,-0.18690683087749793
2011-07,-0.059124855024783596,-0.011073467682498617,0.8519696173763247,1.19122785794894,1.4138070213525422
2011-08,1.4849007210395282,1.5543996223949197,3.0020791675260172,3.741764714100637,4.041002376148883
2011-09,-1.656769058255203,-1.620747637374731,-0.7255152209596827,0.5367273860255262,1.5017631098433126
2011-10,3.4385589958522367,3.4391919082219724,3.138451914372875,3.0554069866851163,3.308161566789658
2011-11,0.9515758362892868,1.0161467738250218,2.196298508429284,3.251788314504256,4.031797469373943
2011-12,1.4792370682408684,1.4852236650488626,1.7334530064593068,2.3442087815579438,3.0816373488117277
2012-01,2.6938531580567915,3.803527515129357,4.925077187011917,6.050050342502256,7.258507071127118
2012-02,0.9126314050711182,1.5648615738514282,2.2585633177504727,2.94341308302708,3.793847205478218
2012-03,1.973460294123086,2.8639098697327947,3.583581327038976,4.197873878105507,4.750180337630061
2012-04,0.8985929296884798,1.1009622560833376,1.6070989977746253,2.208260239249893,2.791471127500622
2012-05,-0.18301271116483164,0.5546458791706232,1.0088773396810469,1.4786352884025078,1.7836631964444738
2012-06,3.426043372635723,3.749885602957148,4.178170444631091,4.494326455490194,4.844113698962738
2012-07,2.1146031469981175,2.5881802807534937,2.9093477326905592,3.1930463297382916,3.498498614213408
2012-08,0.9530985391355218,1.5097741267049214,1.9585375820305728,2.460465420099145,3.012548344675059
2012-09,2.145653541521386,2.631112158749871,3.276508901168085,3.999300121799254,4.509543526461535
2012-10,0.2176907459237487,0.965529111464325,1.3202123397869414,1.683821752250969,2.0556012311867544
2012-11,0.06959490752938002,0.6828236667982379,1.1955090016396497,1.7539199106870074,2.1753420213810104
2012-12,-1.0822770472751708,-0.17296892389401242,0.7900206832482715,1.6971444261619784,2.504567241220812
2013-01,3.6942846707940236,3.991957587634931,4.371094605965542,4.738073008821564,5.09173327982273
2013-02,1.7751087639133134,2.1440624822267162,2.660078302923341,3.156452979307045,3.643314659738661
2013-03,4.047968406646585,4.424781902773756,4.93343690777488,5.419276210964896,5.918498328177502
2013-04,1.1315670706997905,1.4922292014245775,2.001949194172581,2.4872056505935936,2.938088426354679
2013-05,2.407728680321708,3.066770832291077,4.008334569201022,4.999751477528247,6.057043863769929
2013-06,-0.4587094509767242,-0.07630050540906597,0.40018396622023555,0.8265678437776813,1.2190423002474526
2013-07,5.571784645287914,6.041854498615873,6.719060555971379,7.424184498767605,8.12826420390611
2013-08,-2.741973930229047,-2.294197718417146,-1.7161910764658561,-1.1311963649328405,-0.5403192111249511
2013-09,4.6281100027088184,5.151196171149275,5.866109995089319,6.592847208283259,7.305301506056816
2013-10,3.4265268601789245,3.6446960128221573,3.956201826615535,4.246459593634588,4.46288746911625
2013-11,4.079664134039129,4.549743820772467,5.196400725072325,5.82538898784275,6.454345424729979
2013-12,2.3061989416926165,2.770927755432284,3.3992691437501055,4.023473808894518,4.638171354397502
2014-01,0.41948142163374946,0.8243202138742411,1.1755708348957006,1.4247073449888736,1.6154878390130856
2014-02,2.6823206932802934,2.947974254131669,3.263121163145044,3.6140288837056334,3.9540886189331825
2014-03,0.8991397314076499,1.1725041898670074,1.7224026806282433,2.2552958936934875,2.8194282583658747
2014-04,1.2921649781434619,1.4186570735527315,1.861633722471745,2.270637752954796,2.6489230663647056
2014-05,1.5576199441855731,1.8155974175596779,2.277936024927274,2.830920316955665,3.387084536874574
2014-06,1.236600726912651,1.5323388384490988,1.7609030094481337,1.9961409155339949,2.2234689466851254
2014-07,-1.4827953897139645,-1.4928341966713221,-1.6665366624646238,-1.8468629199379083,-2.0372996479925187
2014-08,3.3378278616614576,3.9025288993607576,4.654947403401888,5.399179135895693,6.150385567408434
2014-09,-1.3901220865545016,-1.0364202042960846,-0.6772204246209501,-0.288019594294886,0.11378109684245796
2014-10,2.967826320243594,3.392774606663873,3.815038247780289,4.22069903765101,4.610332193450617
2014-11,2.503106308495795,2.8667852034875763,3.158930257364445,3.511759270756065,3.8861426786918285
2014-12,1.377971738172934,1.8244040682479534,2.218958748916866,2.6461600091612025,3.1115333842211657
2015-01,-1.9118789938992076,-1.6952057607686366,-1.185509059942591,-0.6491375792148424,-0.028365162017351953
2015-02,2.7223893592934756,3.318992996692427,4.423439560301734,5.25418755678233,6.011258452278678
2015-03,0.47939026673013974,0.7684270345830857,1.2622144445268102,1.7967784350146454,2.234370092813731
2015-04,0.8581478047118063,1.356929142686858,2.3046411999606997,3.1033827377128453,3.6867031989845866
2015-05,1.5784136248152336,1.8193461331165395,2.1483163025737273,2.5325594243926552,2.9653332817771716
2015-06,-2.2008297713029035,-1.7726529745065278,-1.0550050346347373,-0.2296661338708761,0.4748636486246349
2015-07,1.3479981861446388,1.5235969592802379,1.7087560319373196,1.9549213170976465,2.4580906570988326
2015-08,-2.6905912013229005,-2.367953098909348,-1.8033384140189068,-1.3832237196540031,-0.9960592288534742
2015-09,1.01012619239651,1.3105054625821566,1.759424108709684,2.115242270729434,2.4845742821968386
2015-10,1.3564062485778905,1.5549714832856942,1.9410537484624735,2.3484583261311753,2.79845429186798
2015-11,3.5415997064010885,3.652905876084711,3.849322393016541,4.078600901197138,4.344936672922284
2015-12,-0.3602884531384798,0.028651461888129504,0.7504725520109723,1.4652670786869937,2.0642222113208986
2016-01,-0.27040413300337685,0.15274730503718192,0.592483628689533,0.8893770047183391,1.0340372575722734
2016-02,1.7329989938460688,2.2620235440619973,2.7363495626679946,3.238794922745103,3.623042377677743
2016-03,6.1138520237052685,6.832240040039839,7.348480070758434,7.943183229244899,8.65196652395368
2016-04,0.8887504916149869,1.6256681975583165,2.37527807694764,3.0097001501295795,3.63849047669762
2016-05,2.626891149674382,3.25850010575941,3.9357564667460654,4.3185256597985555,4.663928888301694
2016-06,1.863346643894337,2.26383811857096,2.791124643503151,3.2234513375516416,3.678867062471136
2016-07,1.4570327138704986,1.9970502318231054,2.6371981328006777,3.2840094548741705,3.918956231123105
2016-08,-0.15505122421898276,0.25031715291279344,0.8161545861095965,1.2132718134737042,1.6794323361593921
2016-09,0.41975807879743865,1.332444335305527,1.9536291588304167,2.2414500365872447,2.5824519513908406
2016-10,-1.6281613445376153,-1.2984776610611481,-1.2061285565075908,-1.1325097630176195,-0.980363760708447
2016-11,3.1648849949567737,4.534948645883641,5.600146431466779,6.668255512613319,7.692606768514176
2016-12,2.048944594780999,2.4155224156051203,2.818949480720212,3.170605778429958,3.482952729801636
2017-01,0.5940290844989704,0.8081085947355682,1.1169136713493177,1.4630637185244266,1.663424152135784
2017-02,2.4691627972728503,2.7664223783116837,3.30262325322368,3.833375445440468,4.2240093455652605
2017-03,1.6873665371251567,1.9695595190313941,2.483760511218036,3.029433549682703,3.740170719981939
2017-04,1.1482074169910428,1.4214950632930323,1.8098412032626632,2.1543713011366483,2.383508925530453
2017-05,1.625678524950258,2.055335129615754,2.4800980725179,2.931717388389976,3.467451780622577
2017-06,1.100177706825356,1.4766751354065688,2.008993275567672,2.502688756178384,3.032505506998917
2017-07,0.7450781726290989,1.2298203858642998,2.0802754307991167,3.0735640023074273,4.039567554121337
2017-08,0.40634727719992547,1.0376720456528377,1.9837984915342721,2.8197909589505077,3.4600831763054174
2017-09,1.233892383683055,1.5782191022051473,2.1223154291422075,2.6512246427840225,3.2234845128622736
2017-10,1.3398169736493326,1.727749828508296,2.242532571196487,2.6877734455663216,3.040614879689252
2017-11,2.106248634963004,2.5177596803176217,3.0829446186472653,3.4426227466745507,3.9059200655867876
2017-12,1.2707487759068492,1.8352750423510367,2.4896699549573187,3.1040315519476724,3.6725446694997776
2018-01,1.1579206955506516,1.1579206955506294,1.4290222230654237,1.5753265411350137,1.7381622894000914
2018-02,-1.9076144038876475,-1.9076144038876364,-1.6514440764336724,-1.5101481928967764,-1.3759643936275934
2018-03,2.1638079365660534,2.1638079365660756,2.4407392138309447,2.78511861055466,3.1347638939598355
2018-04,0.7918158104179396,0.7918158104179618,1.053735273752343,1.3122515150188585,1.5807691993468653
2018-05,0.9658159756695817,0.9658159756696039,1.3395291168679657,1.7772415462372404,2.271299208151545
2018-06,1.6475607130127523,1.6475607130127967,1.906150946059948,2.137698514174513,2.364890452848689
2018-07,1.3422441682890085,1.3422441682890085,1.5900188999039333,1.7779563350681649,1.9833280994615565
2018-08,-0.8203752961711608,-0.8203752961711275,-0.5651450163849492,-0.29956377873820994,-0.037337220872035726
2018-09,-1.277224642255137,-1.277224642255148,-1.0921974988326366,-1.0190648608158215,-0.962379412495995
2018-10,-1.7552459540390863,-1.7552459540390752,-1.502288260347573,-1.387321165641775,-1.2753261949627115
2018-11,3.1751376629481243,3.1751376629481243,3.3961191875504504,3.5403571161054526,3.6721975848363897
2018-12,-5.009646448288397,-5.009646448288397,-4.653662697932015,-4.441578042561211,-4.259768525823048
2019-01,4.6067839217148965,5.568645015094242,6.355900471557874,7.283099226386547,8.335521523551215
2019-02,2.278741739383272,2.971651759654148,3.695351581714168,4.378448566225801,5.1297272840024055
2019-03,2.7118345946332,3.1278864995408773,3.516322925085036,3.910317987682066,4.2303690276577655
2019-04,1.7958640845357143,2.312430827405265,2.6028101449699914,2.8751971446046687,3.142462663161627
2019-05,0.026430477152361576,0.6594560485529755,1.3526577894222847,1.8969929795402907,2.411154659090964
2019-06,3.775633677390444,4.128066099264527,4.402983209606615,4.657618061240387,4.85504798012133
2019-07,1.837498703355167,2.674533658389522,3.244205566902969,3.876507643210658,4.5105618595644215
2019-08,1.6241208945193097,2.511295350086362,3.571074153727305,4.539251797296839,5.3787833285705355
2019-09,0.6124997009863353,0.4857544228602739,0.2594347246538842,0.059136344010624065,-0.1335860175895376
2019-10,0.4066067479858715,0.8039724240192836,1.1951679373772395,1.5297891034293576,1.9437563043739559
2019-11,0.949400727512395,1.7005228212999324,2.7187207375751754,3.7312755890292593,4.742095579340688
2019-12,3.0877804168385925,3.1215832207781125,2.9892665598370005,2.8935962248599623,2.8681393566642344
2020-01,-2.143061494750087,-1.979695525729519,-1.2645214027204088,-0.5445091580326911,0.1546885768215489
2020-02,-8.686471458130828,-8.502901900778525,-7.698841082362318,-6.8886223769569765,-6.080785596192295
2020-03,-18.979866283575618,-18.825004243135812,-18.14735807483333,-17.465626688522818,-16.833759213712106
2020-04,17.07258766038342,17.2026587168979,17.769934431492395,18.337547698747404,18.975730934349897
2020-05,6.790683014910148,6.989570042660742,7.858984511939737,8.732196974799656,9.613901695721893
2020-06,3.0010346686429656,3.1395740546357187,3.744121023846514,4.349574577113802,4.954381496459792
2020-07,4.859351158952752,5.109050065032972,6.202991857670748,7.305666942420985,8.415197677799968
2020-08,5.072199583168491,5.2547777395442585,6.0528216967646875,6.8542279413607465,7.655841470174973
2020-09,-3.3201084314126827,-3.1563091990781444,-2.4404090708075143,-1.7215937077892596,-1.0221909482586167
2020-10,1.3897281605243617,1.4477555456450908,1.6998674810218883,1.950562120765409,2.1792787120405777
2020-11,18.657610937070924,20.25974727347297,27.23977961384194,34.21059865053333,41.271006100743016
2020-12,6.212585646373148,6.3050311313585405,6.707771811477126,7.110034532746745,7.541167040789465
2021-01,2.206750990960238,2.938944058078574,3.74889836447192,4.664404537368583,5.622818214036629
2021-02,0.035919064212852625,0.6572626084569766,1.3059647479963132,1.9542059417014146,2.6522782452216065
2021-03,4.561918708690893,5.182485150658089,5.875959944485709,6.5520786442432755,7.2622052682035365
2021-04,3.090216397719181,3.658639171117839,4.115400959762527,4.515820761562805,4.968794742928906
2021-05,0.8196066248743028,1.4755496878424257,2.187266895904716,2.8197030670352063,3.619619651949435
2021-06,2.0423757680226418,2.5966274614587004,3.0742491075506084,3.5979672514468763,4.061394008944519
2021-07,1.5937163857073555,2.110369170637938,2.5781907079560185,3.021077618601886,3.2687647988158375
2021-08,2.2349828490888957,2.4687522944256024,2.716741950216961,3.076274975041926,3.2689753819082457
2021-09,-1.9935522177548792,-1.641591395488451,-1.3368824611618924,-1.1552752419932255,-1.0466187478827549
2021-10,2.6992176398358936,3.5183046018316677,4.230886664294298,4.870285501662219,5.653729951159536
2021-11,-0.14521312325823654,0.8311008860907743,1.9462738551196734,3.1072748679915607,4.319643285216079
2021-12,4.910089973969467,5.09569186125558,5.234004832268857,5.277949109526814,5.2977706221133625
2022-01,-1.3514676960305172,-1.3534777306083878,-1.355358830807818,-0.827525478109703,-0.20784389764654243
2022-02,4.3373983692360785,4.335207645420769,4.333155658856569,4.507551672434862,5.011991011152617
2022-03,4.6743481329803105,4.674977300091254,4.675572456913546,4.7476212890322556,4.665764197444222
2022-04,-1.7453106951874853,-1.7439200408294941,-1.7426143304536956,-1.0026963835196967,0.025215877762851946
2022-05,0.1440835312535249,0.144951675422611,0.1457671034233332,1.1359148768429028,2.0800473524781093
2022-06,-1.515643122117305,-1.5186753234019745,-1.5215239427129545,-1.1485361254644721,-0.709715783527709
2022-07,1.1123557056481825,1.115436472631548,1.1183294399659927,1.335938015690119,1.7956218191325535
2022-08,-2.0284461660531994,-2.028847052101146,-2.029218336304517,-1.2707654029322168,-0.366437388874985
2022-09,-2.9019246376497665,-2.903449828773119,-2.90488552569228,-2.341093276402695,-2.070664475684636
2022-10,4.702905885559083,4.703993626575564,4.705018658069937,5.835398206946074,7.376394725860758
2022-11,1.9258556433926266,1.9288607645276956,1.9316752112571889,2.2086585536879255,2.713919396498632
2022-12,-1.2776448065990653,-1.2794641502480109,-1.2811705631935233,-0.9767254516717894,-0.5014085402130553
2023-01,2.6740546780929186,3.333352059362227,4.232385732886823,5.323636684389621,6.520059928416
2023-02,-1.0668113960992986,-0.6750481145911813,0.12084604426663148,0.7128525041996792,1.2524677943216656
2023-03,1.9417053819327457,2.6785955496478,3.437331368730989,4.074246476473142,4.517100885246661
2023-04,1.6163076795648434,1.942787694644843,2.0955323427066297,2.407633009131782,2.6749136390419093
2023-05,-1.722367833830396,-0.8428918261816132,0.3082719674589507,1.4418812447561713,2.530312504328225
2023-06,3.597214379330471,4.120353749617189,5.086040460047703,6.0237692258571895,6.944127849891957
2023-07,0.5128267729292091,0.9655419447387459,1.5922383066313994,1.9382341756745136,2.225912408241215
2023-08,-0.3734020304183794,0.20428339880869117,0.9626469022838258,1.8972792384349457,2.9795246371227657
2023-09,-1.0480311334695513,-0.7540836210917723,-0.48055382836333926,-0.33190012222625853,-0.12619036846708287
2023-10,0.45734793597795864,0.9987630248791346,1.4744177579269158,1.711599152165455,1.803310224991872
2023-11,3.446875479646261,4.057281190884976,5.069087798516692,6.132444824596162,7.400750544231416
2023-12,2.177760182902677,2.3701868324485176,2.6962810834918027,3.241872149686409,3.9259736006817425
