Year_Month,Mkt-RF,SMB,HML,RMW,CMA,RF,MOM,ME,IA,ROE,EG
1967-01,8.15,9.1,2.27,0.96,-3.16,0.43,-6.93,6.8122,-2.9263,1.8813,-2.5511
1967-02,0.78,3.06,-2.22,1.99,-0.99,0.36,3.52,1.6235,-0.2915,3.5399,2.1792
1967-03,3.99,1.87,0.37,0.86,-1.6,0.39,1.53,1.9836,-1.6772,1.8417,-1.1192
1967-04,3.89,0.43,-2.48,2.33,-3.67,0.32,0.59,-0.67,-2.8972,1.0253,-1.6371
1967-05,-4.33,2.29,1.09,-1.73,1.73,0.33,0.72,2.7366,2.1864,0.6038,0.1191
1967-06,2.41,6.43,0.85,-0.62,-2.42,0.27,6.0,6.2752,-2.0958,0.4116,-0.2834
1967-07,4.58,3.54,2.73,0.48,2.7,0.31,-1.07,3.1053,2.3351,-0.5943,-0.1601
1967-08,-0.89,0.72,1.44,0.3,1.45,0.31,-1.38,0.3722,1.9161,-0.6134,0.063
1967-09,3.11,2.44,-2.5,0.2,-0.95,0.32,2.52,1.8017,-0.4057,0.7524,-0.9213
1967-10,-3.09,0.53,-3.3,1.01,-2.62,0.39,3.67,0.749,-2.4302,3.2851,0.224
1967-11,0.37,-0.04,-1.7,1.34,-2.34,0.36,1.26,-0.0333,-2.7632,0.6936,0.0395
1967-12,3.05,5.75,-0.53,-0.81,0.13,0.33,3.25,4.5015,0.1486,0.7001,1.7035
1968-01,-4.06,4.51,4.8,-4.62,6.46,0.4,-4.7,5.1731,4.732,-2.922,0.9691
1968-02,-3.75,-2.91,1.28,-0.16,2.45,0.39,-3.43,-1.8884,2.4577,-0.5038,2.9672
1968-03,0.2,-1.59,-0.59,1.05,-1.1,0.38,3.23,-1.951,-0.7337,1.9245,1.4344
1968-04,9.05,6.18,-1.13,2.69,-3.65,0.43,5.09,5.4582,-2.6749,3.6776,-1.8747
1968-05,2.28,7.0,0.85,0.43,-1.92,0.45,3.8,6.7203,-2.2351,2.0131,-0.2809
1968-06,0.69,-0.28,0.73,-1.41,2.76,0.43,-1.9,-0.4046,2.4165,-0.3072,0.0598
1968-07,-2.72,-1.41,5.39,-3.13,3.72,0.48,-0.88,-1.1928,2.7389,-1.9663,3.6103
1968-08,1.34,2.27,1.01,-0.7,0.48,0.42,1.89,2.1751,0.643,-0.6662,1.5939
1968-09,4.03,2.81,0.3,-1.99,0.87,0.43,-0.65,1.4385,-0.5693,-3.4099,-1.082
1968-10,0.42,-0.42,2.86,-1.32,2.7,0.44,-1.46,-0.6355,2.6082,0.4414,2.4953
1968-11,5.43,2.39,-0.92,0.43,-2.43,0.42,1.75,2.7157,-1.3424,-0.4038,-0.9692
1968-12,-3.94,3.52,-0.01,-1.86,1.76,0.43,-0.01,2.9681,2.651,-0.6141,-0.4851
1969-01,-1.25,-0.44,1.67,-1.55,1.38,0.53,-0.17,-0.3821,1.2085,-0.1173,0.2955
1969-02,-5.84,-4.16,0.91,2.07,0.83,0.46,-2.36,-3.8586,0.7873,0.9745,2.2835
1969-03,2.64,-0.45,-0.51,-1.43,-0.35,0.46,3.97,-0.3377,0.5026,2.0353,2.5602
1969-04,1.46,-0.8,-0.03,0.41,0.06,0.53,1.13,-0.186,0.5287,2.0202,-0.1537
1969-05,-0.1,-0.11,0.7,-0.95,1.39,0.48,1.7,0.1945,1.5413,0.1962,0.2109
1969-06,-7.18,-5.45,-1.08,4.32,-1.6,0.51,-2.3,-4.7563,-0.6301,3.3315,2.5267
1969-07,-7.0,-3.41,1.2,1.48,1.91,0.53,1.71,-2.8952,1.9907,2.0776,3.6224
1969-08,4.68,0.7,-3.79,1.13,-4.02,0.5,2.17,0.9925,-2.654,0.5167,-2.0271
1969-09,-2.98,1.29,-3.27,3.39,-0.82,0.62,2.52,0.6882,0.0431,1.7208,2.6463
1969-10,5.06,3.96,-3.16,0.05,-2.15,0.6,-4.31,2.9754,-1.4818,-1.4493,-1.6776
1969-11,-3.79,-2.45,-1.19,1.46,0.3,0.52,3.66,-2.0435,0.2112,2.8535,2.3906
1969-12,-2.63,-3.76,-2.86,2.54,-1.81,0.64,4.96,-3.6947,-0.6363,3.463,1.7306
1970-01,-8.1,3.12,3.13,-1.72,3.84,0.6,0.6,3.6617,3.8252,-0.741,3.52
1970-02,5.13,-2.76,3.93,-2.29,2.76,0.62,0.23,-2.4032,1.6171,-2.2721,-0.2221
1970-03,-1.06,-2.41,3.99,-1.0,4.29,0.57,-0.36,-1.4167,3.3852,-0.9683,3.2222
1970-04,-11.0,-6.4,6.18,-0.64,6.21,0.5,-0.77,-4.5676,5.2928,0.1614,5.757
1970-05,-6.92,-4.48,3.33,-1.21,3.9,0.53,-2.78,-3.3976,3.2098,0.1132,3.9522
1970-06,-5.79,-2.2,0.6,0.13,2.96,0.58,5.7,-2.1125,3.6689,2.4483,4.3742
1970-07,6.93,-0.62,0.9,-0.26,1.84,0.52,-3.14,-0.6124,2.6318,-0.3288,-0.9592
1970-08,4.49,1.52,1.15,0.56,-0.21,0.53,-6.55,0.714,-0.8617,-3.2704,-2.1536
1970-09,4.18,8.51,-5.47,0.3,-5.83,0.54,-8.8,7.2316,-4.5548,-1.3443,-5.5793
1970-10,-2.28,-4.43,0.22,1.71,2.34,0.46,9.42,-3.1548,2.9696,5.4758,4.1378
1970-11,4.6,-3.86,1.69,1.57,1.47,0.46,2.73,-3.85,1.0459,1.0649,2.3885
1970-12,5.72,2.94,1.0,0.27,0.3,0.42,-2.23,2.7708,0.4188,-1.469,-0.3391
1971-01,4.84,7.54,1.33,-1.99,0.07,0.38,-6.51,6.9078,-0.3554,-4.3275,-3.3915
1971-02,1.41,2.04,-1.23,0.62,-0.7,0.33,0.79,1.4581,0.5393,2.4506,0.8035
1971-03,4.13,2.26,-3.95,1.82,-2.71,0.3,-1.41,2.6789,-2.0113,1.9334,-0.2298
1971-04,3.15,-0.36,0.69,-1.47,0.87,0.28,1.41,-0.2008,1.2726,-1.2082,-0.9662
1971-05,-3.98,-1.11,-1.44,1.4,0.25,0.29,0.86,-1.4904,0.8992,1.4113,0.9227
1971-06,-0.1,-1.48,-1.87,1.53,-1.64,0.37,2.73,-0.6579,-0.6543,4.3498,2.268
1971-07,-4.5,-1.39,0.02,0.64,1.46,0.4,-2.35,0.0459,2.4409,2.6442,0.9187
1971-08,3.79,-0.16,2.63,-0.43,2.64,0.47,3.61,-2.1376,1.6632,-3.3217,-0.0862
1971-09,-0.85,0.28,-2.91,2.56,-1.58,0.37,2.12,0.3025,0.068,2.7583,1.2805
1971-10,-4.42,-1.6,-0.48,1.62,-1.35,0.37,0.47,-1.1067,-0.6717,1.9473,2.207
1971-11,-0.46,-2.86,-1.68,2.44,-0.34,0.37,1.51,-2.8745,-0.2867,1.4712,1.5536
1971-12,8.71,3.27,-0.4,-0.4,-1.75,0.37,-0.58,2.9225,-2.01,-1.175,-1.4645
1972-01,2.49,6.1,2.24,-1.69,0.55,0.29,0.17,6.5296,-0.0273,-6.8199,1.8662
1972-02,2.87,0.87,-2.79,1.61,-0.52,0.25,2.54,0.521,1.9924,1.0235,-0.435
1972-03,0.63,-0.43,-1.61,1.63,-0.18,0.27,2.94,-1.0859,1.7616,2.1599,1.6356
1972-04,0.29,0.23,0.12,-0.42,-1.03,0.29,2.81,0.296,0.27,0.7183,0.2067
1972-05,1.25,-3.1,-2.7,2.34,-1.95,0.3,3.29,-2.7554,-1.7459,1.8952,1.2866
1972-06,-2.43,-0.43,-2.48,1.88,-0.36,0.29,1.9,0.4535,-0.1612,3.4718,1.6544
1972-07,-0.8,-2.77,0.66,1.14,-0.66,0.31,2.75,-2.0219,-0.3931,2.1954,3.3015
1972-08,3.26,-3.48,4.54,-1.96,2.85,0.29,-5.4,-3.623,3.6277,-1.443,0.8169
1972-09,-1.14,-2.23,0.46,1.68,-1.97,0.34,1.82,-1.0852,-1.0033,2.1667,0.4424
1972-10,0.52,-2.54,1.34,-0.15,0.02,0.4,0.71,-3.1796,-0.418,-0.5148,0.5797
1972-11,4.6,-0.62,4.85,-1.95,3.37,0.37,-5.09,-1.0175,2.4945,-4.1021,0.6461
1972-12,0.62,-1.89,-2.19,2.6,-2.16,0.37,4.92,-1.8973,-1.3273,3.0319,1.7622
1973-01,-3.29,-2.81,2.68,0.42,0.9,0.44,3.73,-2.656,0.3368,-0.571,3.444
1973-02,-4.85,-3.91,1.6,-0.26,0.02,0.41,2.16,-4.5526,0.1236,-1.0831,1.6486
1973-03,-1.3,-2.33,2.62,-1.07,0.62,0.46,3.59,-1.8269,0.6328,-1.8388,3.2647
1973-04,-5.68,-2.9,5.41,-1.58,2.6,0.52,6.36,-2.935,3.0786,-0.6049,4.1684
1973-05,-2.94,-6.17,0.41,1.95,-1.57,0.51,7.14,-5.7165,-0.5129,1.4353,1.5193
1973-06,-1.57,-2.48,1.2,-0.21,0.11,0.51,4.3,-1.3459,0.4562,-0.0012,2.9751
1973-07,5.05,7.26,-5.31,-0.05,-3.28,0.64,-11.57,8.0705,-5.6569,1.3051,-4.1545
1973-08,-3.82,-1.84,1.24,-1.31,1.3,0.7,3.46,-1.8721,1.7695,1.6194,1.4998
1973-09,4.75,3.6,2.01,-2.33,1.77,0.68,-7.0,5.4395,2.0999,-1.6754,-1.5858
1973-10,-0.83,-0.38,1.94,-1.9,2.71,0.65,6.87,-0.957,2.8796,0.8763,4.0331
1973-11,-12.75,-7.28,3.87,-2.63,1.73,0.56,8.66,-7.2199,2.3008,-0.7897,2.2419
1973-12,0.61,-4.69,3.85,-2.78,2.48,0.64,10.38,-4.8503,2.2193,3.3276,4.4647
1974-01,-0.17,10.41,6.02,-3.07,4.42,0.63,-8.85,11.8375,2.3603,-4.4602,-0.4965
1974-02,-0.47,0.06,2.81,-1.87,2.63,0.58,0.32,-0.5471,2.0538,-1.2343,1.4282
1974-03,-2.81,2.65,-0.32,2.8,0.44,0.56,-1.05,1.905,-0.0175,1.8657,1.07
1974-04,-5.29,-0.7,0.85,2.87,2.09,0.75,2.11,-0.4707,2.3712,2.2928,2.4687
1974-05,-4.68,-3.07,-2.02,4.95,-0.42,0.75,-0.39,-4.1023,-0.4303,2.2588,0.3093
1974-06,-2.83,0.0,0.77,0.57,2.94,0.6,2.31,0.2453,1.5566,1.5503,2.0198
1974-07,-8.05,1.92,5.16,-3.25,4.6,0.7,3.11,3.5542,4.5057,2.5255,5.6961
1974-08,-9.35,0.26,2.64,-0.28,2.59,0.6,3.0,2.1729,3.2553,2.8417,4.9746
1974-09,-11.77,1.48,5.58,-4.44,5.91,0.81,4.24,1.9885,4.932,-2.2989,3.5397
1974-10,16.1,-6.82,-9.87,-0.21,-2.86,0.51,-0.54,-6.0389,-1.487,8.8612,0.9698
1974-11,-4.51,-1.48,-0.2,-3.37,2.92,0.54,2.13,-0.8823,2.7406,1.7617,1.3955
1974-12,-3.45,-4.35,0.11,-0.68,3.25,0.7,2.92,-3.9173,2.1538,0.422,1.9734
1975-01,13.66,12.91,8.28,-0.78,-0.9,0.58,-13.82,12.5918,-0.7205,-11.6191,-5.4952
1975-02,5.56,-0.65,-4.44,1.16,-2.1,0.43,-0.61,-1.4173,-1.7234,3.6003,0.574
1975-03,2.66,4.0,2.38,1.26,-1.33,0.41,-2.04,3.1928,-0.5984,-1.767,-1.8094
1975-04,4.23,-0.71,-1.14,1.41,-1.34,0.44,1.38,-1.3333,-0.0936,3.3983,2.2158
1975-05,5.19,2.89,-4.1,-0.98,-0.6,0.44,-0.58,3.2863,-0.1525,-0.2663,0.0244
1975-06,4.83,1.43,1.38,-2.66,1.06,0.41,0.04,1.6413,0.3354,-1.6419,-0.6996
1975-07,-6.59,3.44,1.69,0.46,1.22,0.48,0.42,2.9593,1.4598,-1.4083,1.7789
1975-08,-2.85,-2.84,-0.95,1.11,-0.93,0.48,-0.1,-3.2148,-0.1403,0.6873,1.3673
1975-09,-4.26,0.05,0.39,0.53,0.55,0.53,0.41,0.6781,1.3668,1.677,3.2839
1975-10,5.31,-4.23,0.28,-0.49,2.26,0.56,-0.16,-4.597,3.1196,2.5741,2.5221
1975-11,2.64,-1.09,2.03,-0.68,1.75,0.41,-0.45,-0.4411,1.5571,0.6959,1.6136
1975-12,-1.6,-0.05,1.69,-0.09,0.57,0.48,-0.11,0.2818,0.0111,-2.2596,0.4872
1976-01,12.16,6.34,8.63,-1.79,2.28,0.47,4.45,6.8426,1.3805,-2.6249,0.941
1976-02,0.32,7.99,5.87,-2.64,3.87,0.34,0.38,6.9458,2.2167,-3.6997,0.8386
1976-03,2.32,-1.38,-0.12,-0.33,0.96,0.4,0.15,-0.4361,1.7776,2.411,1.5931
1976-04,-1.49,0.08,-0.16,0.4,-1.1,0.42,0.59,-0.4866,-0.9555,-0.2693,-0.0135
1976-05,-1.34,-1.1,-1.36,2.46,-1.41,0.37,-1.12,-1.2126,-0.9846,0.4517,0.4205
1976-06,4.05,-1.07,0.71,-0.68,1.02,0.43,-0.42,0.0453,1.3001,-0.0271,0.9209
1976-07,-1.07,0.63,1.73,-1.05,0.28,0.47,-0.13,1.2082,0.8559,0.7259,1.63
1976-08,-0.56,-1.98,0.81,-0.42,-0.55,0.42,-0.85,-2.1042,-0.5939,-0.0105,0.6296
1976-09,2.07,0.1,-0.29,0.98,-1.15,0.44,0.22,-0.284,-1.4853,1.0646,0.9911
1976-10,-2.42,0.13,-0.18,-0.19,-0.37,0.41,-0.44,0.6837,-1.0682,0.3201,-0.5163
1976-11,0.36,2.66,1.51,-1.41,0.09,0.4,2.91,3.3528,-0.3773,-0.6261,0.1132
1976-12,5.65,3.64,2.27,-0.61,2.28,0.4,0.73,3.4032,1.7912,-1.0562,1.1166
1977-01,-4.05,5.9,4.27,-0.51,1.97,0.36,4.0,5.98,1.0172,-2.1629,1.6572
1977-02,-1.94,1.07,0.47,-0.16,-0.22,0.35,0.36,1.0877,0.0981,1.237,0.4244
1977-03,-1.37,1.31,1.09,-0.3,-0.06,0.38,0.55,1.477,-0.2503,0.3138,-0.3321
1977-04,0.15,0.61,3.38,-2.01,1.14,0.38,4.21,1.3098,1.1605,0.3746,0.7834
1977-05,-1.45,1.31,0.85,0.33,0.19,0.37,2.03,1.4822,0.2215,1.7144,2.6935
1977-06,4.71,2.08,-0.74,0.91,-1.2,0.4,1.66,3.1075,-0.7125,2.3354,2.9427
1977-07,-1.69,1.88,-0.56,0.73,0.09,0.42,0.32,0.9981,1.0573,1.6654,2.4073
1977-08,-1.75,0.86,-2.7,0.98,-0.66,0.44,-1.7,-0.2601,-0.8401,1.421,-0.1136
1977-09,-0.27,1.43,-0.52,1.43,-0.84,0.43,2.0,1.4975,-0.0956,1.4313,1.5155
1977-10,-4.38,1.48,1.75,-0.2,-0.3,0.49,-0.08,1.4394,-0.6125,-1.0334,1.1568
1977-11,4.0,3.64,0.26,-0.13,0.73,0.5,2.01,4.6235,1.2408,2.6072,1.4818
1977-12,0.27,1.59,-0.29,0.92,-0.69,0.49,1.58,1.447,0.1312,1.3266,1.8425
1978-01,-6.01,2.72,3.36,-1.72,1.52,0.49,-0.66,2.3472,0.9316,-1.8024,0.1592
1978-02,-1.38,3.7,0.83,0.3,1.01,0.46,1.97,4.1208,1.3398,0.0059,1.6506
1978-03,2.85,3.71,1.18,-0.59,1.89,0.53,1.37,3.4262,2.4596,0.178,0.0973
1978-04,7.88,-0.26,-3.54,2.81,-1.26,0.54,0.86,-0.1618,-0.3298,5.6669,0.5831
1978-05,1.76,4.58,-0.52,0.22,0.41,0.51,2.83,3.7406,0.8051,0.4743,0.7376
1978-06,-1.69,1.56,0.57,-1.4,-0.07,0.54,2.74,1.4427,0.4821,1.3479,1.1232
1978-07,5.11,0.12,-1.15,1.55,-0.78,0.56,4.17,0.2704,0.3971,1.6329,2.6963
1978-08,3.75,4.95,-0.51,1.43,0.46,0.56,2.83,4.6893,1.196,2.0147,0.6661
1978-09,-1.43,-0.32,1.89,-0.67,1.78,0.62,-3.14,-0.8226,0.4468,-3.4045,-0.8352
1978-10,-11.91,-10.02,1.38,0.12,0.94,0.68,-8.46,-10.1883,-0.5956,-2.2443,0.9893
1978-11,2.71,2.81,-2.15,1.13,-1.17,0.7,5.45,4.1542,-0.8624,1.31,1.5057
1978-12,0.88,1.13,-2.13,2.01,-1.32,0.78,3.03,0.9674,-1.7856,1.9383,2.5046
1979-01,4.23,3.78,2.19,-2.47,1.52,0.77,-1.36,4.0118,2.1569,-0.7747,-1.3434
1979-02,-3.56,0.54,1.17,-1.12,0.94,0.73,-1.06,0.3373,-0.1889,-2.2888,0.5501
1979-03,5.68,3.24,-0.71,0.53,0.32,0.81,2.93,3.7194,1.3599,2.7614,0.6033
1979-04,-0.06,2.37,1.12,1.08,0.17,0.8,0.81,2.2869,1.0161,2.162,-0.3026
1979-05,-2.21,0.18,1.31,-1.54,-0.27,0.82,-0.54,0.6535,-0.0723,-0.8405,0.543
1979-06,3.85,1.0,1.44,-1.66,-0.52,0.81,0.84,0.7612,-0.642,-0.9832,-1.8183
1979-07,0.82,1.27,1.86,-0.29,0.71,0.77,-1.07,1.2433,0.7427,0.5163,-0.4344
1979-08,5.53,1.92,-1.58,1.62,-1.48,0.77,-0.2,1.6648,-0.3503,2.9616,0.0183
1979-09,-0.82,-0.32,-0.9,1.01,0.32,0.83,5.28,0.0448,0.1081,0.7035,2.9999
1979-10,-8.1,-3.5,-1.84,1.01,0.07,0.87,2.01,-3.1723,0.072,1.0303,1.6857
1979-11,5.21,2.53,-3.29,0.06,-2.12,0.99,8.14,2.1523,-2.3923,2.3423,-0.3321
1979-12,1.79,4.32,-2.1,-0.7,-0.92,0.95,4.78,3.9488,-1.0325,1.1576,-0.1427
1980-01,5.51,1.83,1.75,-1.7,1.64,0.8,7.55,0.6856,1.6011,1.6908,0.5075
1980-02,-1.22,-1.57,0.61,0.04,2.68,0.89,7.88,-1.2553,1.7384,2.2085,3.5215
1980-03,-12.9,-6.93,-1.01,1.46,-1.19,1.21,-9.55,-6.6311,0.4902,-1.0561,-0.8975
1980-04,3.97,1.05,1.06,-2.1,0.29,1.26,-0.43,1.3721,1.292,0.1315,1.527
1980-05,5.26,2.11,0.38,0.34,-0.31,0.81,-1.12,1.5081,-1.4097,-0.9435,-0.8711
1980-06,3.06,1.41,-0.76,-0.15,-1.26,0.61,1.62,1.4531,-0.8706,2.8361,0.7824
1980-07,6.49,3.82,-6.41,4.06,-2.43,0.53,0.39,3.6685,-2.0836,-0.376,-3.2905
1980-08,1.8,4.25,-2.6,2.06,-0.86,0.64,3.21,4.5284,0.574,2.5483,1.6329
1980-09,2.19,0.67,-4.59,1.91,-2.76,0.75,5.39,0.6982,-0.4471,5.2169,2.3899
1980-10,1.06,2.33,-2.76,1.65,-1.15,0.95,7.3,1.0605,0.5273,4.1939,2.6902
1980-11,9.59,-3.31,-8.33,4.5,-5.66,0.96,15.22,-5.1073,-1.9974,9.0598,0.5686
1980-12,-4.52,-0.29,2.79,-1.29,1.24,1.31,-6.68,1.0538,0.935,-1.2569,0.0925
1981-01,-5.04,3.29,6.72,-3.51,4.33,1.04,-7.95,3.7945,2.4815,-4.9423,0.7415
1981-02,0.57,-0.5,1.02,0.21,2.22,1.07,-1.35,-0.0834,1.8542,0.789,1.6319
1981-03,3.56,3.02,0.64,-2.24,-0.54,1.21,0.74,3.456,-1.8348,-1.4715,-1.87
1981-04,-2.11,4.59,2.28,0.83,1.24,1.08,-0.91,4.2606,2.4423,1.3085,1.0692
1981-05,0.11,2.45,-0.42,0.3,-1.53,1.15,3.7,2.6196,-0.4474,-0.1153,1.7028
1981-06,-2.36,-0.96,5.13,-1.37,2.66,1.35,-5.81,-0.6758,2.69,0.0218,1.7127
1981-07,-1.54,-2.05,-0.5,1.26,-2.54,1.24,-2.45,-1.8126,-2.0459,3.0661,-0.5199
1981-08,-7.04,-1.81,4.76,-0.32,1.41,1.28,-1.15,-1.3698,1.4792,0.6495,2.5305
1981-09,-7.17,-2.45,5.17,0.08,2.63,1.24,1.95,-1.7674,3.203,0.4439,3.9584
1981-10,4.92,2.37,-4.21,3.15,-3.01,1.21,4.01,1.8475,-1.0688,4.7505,-1.2313
1981-11,3.36,-1.51,1.83,0.08,0.95,1.07,-0.27,-1.2442,0.8717,0.8913,2.1547
1981-12,-3.65,1.2,0.81,0.22,2.5,0.87,1.3,1.2971,1.8257,-0.4884,1.3495
1982-01,-3.24,-1.14,3.19,-1.49,1.92,0.8,1.72,-0.3342,1.8289,-1.5697,0.6537
1982-02,-5.86,0.35,6.05,-3.48,4.56,0.92,4.88,0.5434,4.6477,0.2604,2.9919
1982-03,-1.87,-0.05,3.81,-1.38,2.49,0.98,2.96,0.584,1.8158,-1.7187,2.6123
1982-04,3.27,1.09,-2.7,1.57,-0.01,1.13,-0.4,0.4349,1.1523,1.9335,0.5208
1982-05,-3.99,0.64,1.75,0.87,-0.3,1.06,2.5,-0.4383,-0.4864,-0.4619,1.0849
1982-06,-3.09,-0.52,1.53,0.01,2.72,0.96,4.96,0.9337,2.402,-0.3307,3.2813
1982-07,-3.19,0.95,0.09,1.04,1.55,1.05,4.45,1.6572,2.033,2.6567,3.9233
1982-08,11.14,-4.35,0.95,-1.89,0.09,0.76,-3.52,-3.3998,-0.2313,-1.113,-2.716
1982-09,1.29,2.61,0.28,2.14,-0.04,0.51,4.19,2.9996,0.8538,3.3642,3.4851
1982-10,11.3,1.92,-3.66,0.29,-0.34,0.59,0.18,0.9019,-0.9357,-0.7816,-0.6333
1982-11,4.67,4.43,-1.87,-0.97,0.27,0.63,5.95,4.503,1.5525,3.282,3.9336
1982-12,0.55,-0.04,-0.02,-0.01,1.02,0.67,0.04,-0.6529,0.6593,-0.6188,0.0635
1983-01,3.6,3.35,-0.75,-1.55,-0.58,0.69,-1.73,2.3781,-0.4342,-2.1214,-1.7204
1983-02,2.59,2.92,0.7,-0.52,1.05,0.62,3.77,3.6625,1.3022,3.0029,1.8809
1983-03,2.82,1.37,2.02,-0.17,2.74,0.63,0.92,1.6883,2.9888,1.2355,2.0629
1983-04,6.67,0.48,0.49,-0.11,1.42,0.71,1.72,-0.3734,2.2915,0.5902,2.3557
1983-05,0.52,6.3,-1.4,-1.84,-1.51,0.69,-1.56,6.1617,-1.4138,-3.5987,-3.7338
1983-06,3.07,1.18,-3.9,2.6,-0.87,0.67,1.8,2.0286,-1.1767,1.5947,2.6379
1983-07,-4.07,1.01,5.62,-0.14,2.81,0.74,-3.13,0.621,2.8941,1.2493,3.0759
1983-08,-0.5,-4.32,5.54,0.51,1.9,0.76,-5.65,-4.8465,1.3062,-0.6707,0.3201
1983-09,0.91,0.3,1.01,1.24,0.5,0.76,-0.03,0.3673,1.4393,3.2143,2.9507
1983-10,-3.44,-3.77,4.97,-0.77,2.96,0.76,-4.52,-3.9853,2.7519,1.4329,3.7155
1983-11,2.16,1.87,-0.72,-0.67,0.66,0.7,-0.13,2.1412,1.0773,-0.1428,-1.7882
1983-12,-1.78,-0.45,1.73,1.64,1.27,0.73,0.84,-1.1226,1.3473,-1.5498,1.0921
1984-01,-1.92,-0.04,7.58,-0.89,2.92,0.76,-2.56,-1.0795,2.4216,-3.7825,0.9207
1984-02,-4.82,-1.59,3.33,0.9,1.58,0.71,0.22,-1.7614,0.8081,-0.6922,0.767
1984-03,0.63,-0.29,0.46,-0.96,1.17,0.73,1.07,-0.2057,0.7438,-0.7087,1.3193
1984-04,-0.51,-0.95,1.2,3.34,0.76,0.81,2.07,-1.0198,1.1412,2.1254,2.4241
1984-05,-5.97,0.13,0.31,2.36,-0.46,0.78,1.51,-0.4289,-1.4779,1.8038,1.8653
1984-06,1.82,0.11,-2.66,3.17,-1.56,0.75,-0.7,0.4361,-2.224,1.7342,0.5022
1984-07,-2.74,-2.22,0.36,3.55,-2.15,0.82,2.85,-2.4358,-1.1333,3.5624,2.6832
1984-08,10.28,-0.26,-1.82,-0.68,-0.92,0.83,-5.59,0.2388,-0.5642,0.9595,0.2173
1984-09,-0.8,-0.03,5.28,1.37,2.41,0.86,3.62,-0.6136,2.6125,0.2634,1.2525
1984-10,-0.84,-1.44,0.45,1.18,-1.09,1.0,3.16,-1.3783,-0.1114,2.7274,1.6277
1984-11,-1.76,-1.02,4.06,0.72,2.06,0.73,1.64,-1.0661,2.2324,0.8237,1.603
1984-12,1.84,-0.65,-0.26,1.31,-1.36,0.64,1.49,-0.437,-0.7952,2.5304,1.1563
1985-01,7.99,3.51,-5.35,-0.89,-3.41,0.65,-6.82,3.4587,-3.5197,0.9805,-1.7202
1985-02,1.22,1.04,-0.1,1.29,1.06,0.58,1.88,0.7533,1.0872,1.4508,2.1784
1985-03,-0.84,-1.39,4.07,1.23,2.88,0.62,1.58,-1.9802,3.2773,0.9209,2.142
1985-04,-0.96,-0.1,3.72,1.55,0.71,0.72,3.04,-0.701,1.4232,0.1512,1.8619
1985-05,5.09,-2.31,-0.96,1.33,-1.49,0.66,3.99,-1.6963,-1.1269,3.2405,1.5343
1985-06,1.27,0.35,0.38,1.76,-0.77,0.55,3.57,-0.5336,-0.1719,2.8203,1.7054
1985-07,-0.74,2.87,-1.62,-0.42,-0.38,0.62,-3.91,2.3597,-0.718,-1.7551,1.3672
1985-08,-1.02,-0.29,2.32,-0.1,1.83,0.55,1.85,-0.1466,2.0278,0.4445,1.0229
1985-09,-4.54,-1.8,1.29,1.14,1.64,0.6,1.51,-1.8332,1.9335,1.1424,1.7368
1985-10,4.02,-1.5,0.75,0.89,-1.06,0.65,4.88,-0.2573,0.2661,2.21,2.8835
1985-11,6.48,0.02,-2.85,0.33,-2.32,0.61,-0.47,-0.2249,-1.682,1.7623,-0.9011
1985-12,3.88,-0.41,-1.54,0.99,-1.8,0.65,-0.23,0.2499,-1.4596,1.6959,-0.9985
1986-01,0.65,1.01,0.44,-2.0,-2.03,0.56,3.0,1.1173,-0.724,1.6676,1.7846
1986-02,7.13,-0.71,-0.72,1.06,-1.2,0.53,2.76,-0.4266,-1.3847,2.2307,0.7408
1986-03,4.88,-0.66,-0.39,1.21,0.92,0.6,2.41,0.5853,1.2226,2.0063,1.6661
1986-04,-1.31,2.84,-2.87,2.91,0.03,0.52,-0.37,1.0642,-1.5692,0.628,-0.0194
1986-05,4.62,-1.29,-0.21,2.13,1.08,0.49,2.05,-1.1843,1.3302,3.3736,0.9855
1986-06,1.03,-0.89,1.28,1.8,0.87,0.52,5.07,-0.2493,1.7528,5.2824,0.8718
1986-07,-6.45,-3.46,4.7,-0.54,0.84,0.52,1.83,-2.6442,1.4526,3.1619,2.8576
1986-08,6.07,-4.35,3.51,-1.66,3.21,0.46,-5.28,-4.4253,3.0245,-2.7297,1.6651
1986-09,-8.6,2.05,3.22,-0.08,3.71,0.45,-5.79,0.6344,3.2313,-3.9524,-0.3259
1986-10,4.66,-2.33,-1.42,-0.05,1.0,0.46,4.46,-1.7298,0.5689,1.4996,0.6009
1986-11,1.17,-1.88,-0.07,1.09,0.67,0.39,-0.26,-1.9743,0.4243,1.1473,3.7063
1986-12,-3.27,0.12,0.36,0.79,0.09,0.49,0.35,0.8393,1.0661,1.8831,1.6472
1987-01,12.47,-1.54,-3.16,0.17,-1.0,0.42,2.2,-1.23,-1.2538,0.9991,2.9428
1987-02,4.39,3.4,-5.91,-0.76,-2.66,0.43,-2.07,3.3735,-1.9012,2.101,-0.5604
1987-03,1.64,0.28,1.61,1.36,4.14,0.47,1.68,-0.6612,4.2147,-1.121,1.3151
1987-04,-2.11,-1.54,-0.39,-0.49,1.05,0.44,0.22,-2.4905,0.3763,-1.3785,0.6453
1987-05,0.11,-0.56,0.23,0.51,1.14,0.38,-0.74,-1.2308,-0.1171,-2.3334,-0.2235
1987-06,3.94,-2.21,1.04,1.7,0.84,0.48,-0.25,-1.5507,1.4229,1.4697,-0.2278
1987-07,3.85,-1.14,0.68,-0.61,1.61,0.46,2.72,-2.0675,0.1261,-1.8073,-0.6309
1987-08,3.52,-0.94,-0.93,2.04,-1.61,0.47,-0.86,-0.1931,-0.2372,3.7936,2.5282
1987-09,-2.59,0.38,0.27,-0.97,1.87,0.45,0.77,0.6209,1.9149,0.5872,1.8374
1987-10,-23.24,-8.07,4.24,2.04,2.34,0.6,-7.86,-7.4686,3.3551,0.3344,2.6169
1987-11,-7.77,2.85,2.95,-1.88,0.68,0.35,-1.17,3.275,0.5998,-0.6687,0.8926
1987-12,6.81,0.06,-4.43,2.96,-2.42,0.39,5.87,0.2421,-2.426,3.8843,1.674
1988-01,4.21,-0.51,5.01,-1.14,2.13,0.29,-7.24,-0.751,1.3194,-4.0669,-1.7562
1988-02,4.75,3.32,-1.71,1.56,-0.01,0.46,-1.47,3.5117,-0.6254,1.0352,-0.5616
1988-03,-2.27,6.25,0.73,-0.25,1.8,0.44,0.58,5.709,1.6772,-2.1555,-2.028
1988-04,0.56,1.16,1.67,-0.2,1.92,0.46,2.24,0.9169,2.1312,0.644,0.9061
1988-05,-0.29,-2.56,2.42,-0.74,0.33,0.51,0.63,-1.2091,0.4677,-0.1678,1.3142
1988-06,4.79,2.16,-1.24,1.47,-3.37,0.49,-2.93,2.7761,-3.2454,2.2288,1.8257
1988-07,-1.25,-0.21,2.22,-0.58,1.52,0.51,0.66,0.2177,1.1077,-1.134,0.0197
1988-08,-3.31,-0.03,2.15,-0.82,1.76,0.59,0.35,0.03,1.6686,-2.1518,-0.1886
1988-09,3.3,-1.36,-0.75,1.76,-0.61,0.62,0.27,-1.4556,-0.42,2.1771,0.819
1988-10,1.15,-2.95,2.05,1.3,1.03,0.61,1.33,-2.8125,0.5013,0.056,0.6653
1988-11,-2.29,-1.65,1.41,-0.28,1.62,0.57,0.33,-1.928,1.3928,-0.4884,0.3746
1988-12,1.49,2.01,-1.69,0.69,-0.38,0.63,0.49,2.4204,0.4539,0.7818,0.5134
1989-01,6.1,-2.31,0.6,-0.95,0.14,0.55,-0.16,-2.204,0.0107,-0.3507,1.5548
1989-02,-2.25,2.71,1.01,-0.87,1.81,0.61,0.99,2.9516,1.5631,-0.4588,-0.1586
1989-03,1.57,0.68,0.58,0.05,0.72,0.67,3.51,1.3323,1.2637,-0.142,0.7382
1989-04,4.33,-0.78,-1.42,0.71,-0.57,0.67,1.77,-0.9415,-0.2841,1.1641,-0.2715
1989-05,3.35,-0.01,-0.88,0.49,-0.08,0.79,1.52,0.0394,0.1016,1.1975,0.366
1989-06,-1.35,-1.09,2.25,0.27,1.56,0.71,0.43,-0.7322,1.593,-0.1521,-0.9466
1989-07,7.2,-4.15,-2.79,1.98,-0.58,0.7,5.41,-3.464,-0.4503,4.9063,2.4612
1989-08,1.44,0.48,0.6,0.39,-0.58,0.74,-0.12,0.484,-0.4255,1.6506,0.1478
1989-09,-0.76,0.49,-1.27,1.4,0.5,0.65,3.4,0.7698,1.1982,1.6439,1.9118
1989-10,-3.67,-3.3,-1.11,0.11,-0.04,0.68,1.32,-3.3543,1.2994,1.4077,2.335
1989-11,1.03,-1.29,-1.09,-0.86,1.41,0.69,2.6,-1.3397,1.6323,0.2405,-0.6582
1989-12,1.16,-2.27,0.16,-0.07,1.42,0.61,2.8,-1.9468,1.5752,1.0677,2.4137
1990-01,-7.85,-1.31,0.85,-1.17,1.35,0.57,-3.27,-1.2188,0.925,0.0355,-0.2262
1990-02,1.11,1.17,0.64,-0.03,-0.66,0.57,-0.55,1.1796,-1.0948,-0.3925,0.0956
1990-03,1.83,1.62,-2.92,2.04,-1.02,0.64,1.8,1.2208,-0.3645,2.2864,1.6703
1990-04,-3.36,-0.33,-2.59,1.78,-0.98,0.69,2.39,-0.4983,-0.7918,1.9801,0.6246
1990-05,8.42,-2.35,-3.83,1.57,-1.68,0.68,3.03,-1.6377,-0.8618,3.7369,2.6144
1990-06,-1.09,1.35,-1.93,-1.03,-0.39,0.63,2.4,1.845,0.2453,2.2253,-0.2721
1990-07,-1.9,-3.16,-0.03,-0.18,3.21,0.68,6.1,-2.4684,4.0112,2.5571,-0.0068
1990-08,-10.15,-3.87,1.64,-0.35,2.96,0.66,1.88,-4.526,3.7203,-0.9983,1.2731
1990-09,-6.12,-3.74,0.64,0.06,3.67,0.6,5.78,-3.4191,2.6212,-0.4552,2.7381
1990-10,-1.92,-5.12,0.1,2.97,-0.3,0.68,6.71,-5.0423,0.2605,2.077,3.0536
1990-11,6.35,0.07,-3.1,0.65,-4.74,0.57,-5.48,0.4489,-3.9833,1.5215,-0.8312
1990-12,2.46,0.67,-1.7,2.73,-1.89,0.6,0.29,1.3158,-1.9466,3.8535,1.4665
1991-01,4.69,3.91,-1.6,1.28,-3.99,0.52,-6.45,3.3624,-3.9503,0.1591,1.5865
1991-02,7.19,3.94,-0.58,-0.2,-0.33,0.48,-4.61,3.6299,0.1463,-1.2402,-0.6779
1991-03,2.65,3.83,-1.39,-0.53,-1.06,0.44,2.87,3.9312,-0.9285,1.6779,0.0366
1991-04,-0.28,0.31,1.5,0.62,0.74,0.53,-2.36,-0.7093,0.4677,1.3981,0.6157
1991-05,3.65,0.14,-0.52,2.0,-2.43,0.47,-0.11,-0.5648,-1.9526,-0.7118,-1.0619
1991-06,-4.94,0.24,1.15,1.79,0.65,0.42,0.47,0.0591,0.6135,1.3683,0.4831
1991-07,4.24,-0.96,-1.32,1.6,-1.36,0.49,4.32,-0.5405,-0.6418,3.0468,0.3864
1991-08,2.32,1.4,-0.78,0.84,-0.34,0.46,1.57,1.2962,-0.0359,1.1586,-0.2496
1991-09,-1.59,1.56,-1.08,-1.82,0.08,0.46,1.79,1.812,-0.8242,-0.3644,0.2084
1991-10,1.29,0.91,-0.47,-1.7,-0.23,0.42,3.06,0.548,1.3518,-0.0451,3.2018
1991-11,-4.19,-0.83,-1.89,1.11,0.01,0.39,1.14,-0.2929,0.3063,3.2845,0.3457
1991-12,10.84,-2.4,-4.17,3.55,-3.12,0.38,8.19,-1.4813,-2.0278,6.7592,-0.4648
1992-01,-0.59,9.18,4.71,-1.32,3.2,0.34,-2.49,8.3447,1.5044,-4.0675,1.5419
1992-02,1.09,1.33,6.47,0.08,2.19,0.28,-0.53,1.4019,2.2609,0.7464,2.2092
1992-03,-2.66,-0.93,3.56,-0.01,1.95,0.34,-0.29,-1.1984,2.0114,1.0075,2.0118
1992-04,1.07,-5.7,4.34,1.69,2.23,0.32,-2.58,-6.9392,1.8032,-1.7011,2.0023
1992-05,0.3,0.21,1.19,-0.95,0.48,0.28,0.21,-0.26,0.2946,-0.2076,-0.7499
1992-06,-2.34,-2.73,3.24,-0.05,1.01,0.32,-0.58,-2.6362,0.6498,1.0499,0.7786
1992-07,3.77,-0.62,-0.56,1.3,-0.91,0.31,1.56,-0.8431,0.3915,2.5486,-0.024
1992-08,-2.38,-0.42,-1.1,3.72,-1.65,0.26,-0.51,-0.3027,-0.7708,1.5206,-0.8624
1992-09,1.19,0.48,-0.26,1.64,-0.59,0.26,1.49,0.6797,-0.3975,2.3975,-0.8276
1992-10,1.02,2.07,-1.98,1.24,-0.79,0.23,2.48,1.5547,-0.3589,2.1272,0.61
1992-11,4.13,3.94,-1.35,-0.68,-1.59,0.23,-0.15,3.6882,-1.1712,0.9448,-0.1423
1992-12,1.53,1.68,2.62,-0.48,0.84,0.28,4.31,2.743,1.4108,1.8297,1.04
1993-01,0.93,1.93,5.94,-1.84,2.91,0.23,4.83,2.3197,2.9827,-1.4431,0.0495
1993-02,0.12,-3.45,6.42,-0.42,4.13,0.22,3.14,-3.3152,3.6569,-1.4786,2.1469
1993-03,2.3,0.09,1.18,-0.15,0.9,0.25,3.73,-0.0141,0.9273,1.7906,0.5639
1993-04,-3.05,-0.85,2.49,-3.61,1.38,0.24,0.38,-1.1434,1.201,-3.0656,1.9917
1993-05,2.89,1.9,-3.42,-0.12,-1.04,0.22,0.22,1.8045,-0.8479,-0.5601,-0.273
1993-06,0.31,0.13,2.75,-0.92,1.21,0.25,4.55,1.5893,1.8188,3.004,1.4634
1993-07,-0.34,0.95,2.85,-1.87,2.06,0.24,3.16,1.3909,1.4591,-0.5623,0.8502
1993-08,3.71,0.1,0.13,-1.54,-0.04,0.25,2.65,-0.019,-0.0614,0.4572,0.7642
1993-09,-0.12,2.98,-0.31,0.24,-0.16,0.26,3.37,3.1054,0.2696,0.9427,1.3638
1993-10,1.41,1.89,-2.76,0.57,0.6,0.22,-2.72,0.4216,-0.5641,-1.4093,-1.4198
1993-11,-1.89,-1.27,-0.74,2.23,-0.94,0.25,-4.74,-1.8618,-0.7507,-0.7095,0.1379
1993-12,1.65,1.4,0.32,1.16,-0.34,0.23,2.36,2.1125,-0.2555,2.3869,2.2733
1994-01,2.87,-0.06,1.15,-1.66,1.43,0.25,0.0,0.159,1.1272,-0.922,0.9311
1994-02,-2.55,2.67,-1.54,2.14,-1.0,0.21,-0.3,2.6526,-0.4691,2.6619,1.598
1994-03,-4.78,-1.04,1.6,0.69,1.28,0.27,-1.27,-0.9378,0.9681,0.2218,1.3513
1994-04,0.68,-1.01,1.66,1.07,1.11,0.27,0.39,-0.819,1.2741,1.529,1.5131
1994-05,0.58,-2.56,0.67,0.6,0.68,0.31,-2.19,-1.9848,0.512,-0.7588,1.4199
1994-06,-3.03,-0.5,1.67,1.21,1.47,0.31,-0.87,-0.8441,0.9202,0.1932,1.3288
1994-07,2.82,-1.85,0.58,-0.65,0.14,0.28,0.18,-1.4321,0.4259,0.7148,-0.0945
1994-08,4.01,1.37,-2.51,0.95,-1.47,0.37,1.55,2.0904,-0.6915,2.061,2.6805
1994-09,-2.31,2.8,-1.89,0.52,0.93,0.37,1.31,2.2081,0.5879,1.0911,0.9738
1994-10,1.34,-2.3,-1.62,0.23,-0.68,0.38,1.49,-1.8201,0.1613,0.3556,2.448
1994-11,-4.04,0.07,-0.7,0.42,-0.5,0.37,-0.18,0.5354,-1.0042,1.3703,1.4457
1994-12,0.86,0.0,-0.13,0.37,0.38,0.44,3.48,1.1739,1.2933,3.9844,3.7209
1995-01,1.8,-3.06,2.57,0.17,-0.75,0.42,-1.81,-2.4308,-0.0027,-0.063,1.1177
1995-02,3.63,-0.54,1.08,0.59,-0.33,0.4,-0.39,-0.6967,-0.8485,0.5097,1.2099
1995-03,2.19,-0.51,-2.15,-0.17,0.22,0.46,0.43,-1.2145,0.1685,1.2654,0.7805
1995-04,2.11,-0.22,1.71,0.41,0.9,0.44,1.79,-0.0076,0.0068,0.142,3.4497
1995-05,2.9,-2.19,2.29,0.39,0.04,0.54,-0.42,-2.2038,0.8586,-1.0066,1.4624
1995-06,2.72,3.06,-2.54,-0.33,-2.44,0.47,2.93,3.219,-1.7465,2.1275,1.8099
1995-07,3.72,2.09,-1.62,0.3,-1.65,0.45,2.56,1.7624,-2.5443,0.9451,0.3138
1995-08,0.55,1.75,2.79,-1.24,1.62,0.47,0.16,2.3538,2.1996,0.1383,1.2954
1995-09,3.35,-1.88,-0.04,1.03,0.36,0.43,2.9,-0.7905,1.9328,1.3917,3.123
1995-10,-1.52,-4.04,-0.5,1.91,-0.05,0.47,4.16,-5.0247,0.7822,2.7798,4.4585
1995-11,3.96,-1.07,0.51,-0.62,1.12,0.42,-0.68,-0.7575,1.1261,-0.2398,-1.2715
1995-12,1.03,0.72,0.22,-1.37,3.1,0.49,2.52,0.6315,3.1163,0.2794,0.4029
1996-01,2.26,-2.56,0.38,0.18,2.31,0.43,0.54,-2.6865,2.451,-1.5087,1.4014
1996-02,1.33,1.77,-1.08,0.24,-1.9,0.39,0.59,2.7354,-0.9876,3.1394,0.7364
1996-03,0.73,1.61,0.35,1.42,-0.95,0.39,-1.84,1.873,-0.6897,0.2756,-1.3301
1996-04,2.06,4.71,-4.02,-0.14,-2.11,0.46,-0.88,5.1852,-1.8073,2.8673,1.1731
1996-05,2.36,3.21,-0.83,0.12,-0.3,0.42,1.54,4.4631,1.0265,1.864,-1.4379
1996-06,-1.14,-3.65,2.35,3.51,1.22,0.4,0.98,-4.2992,1.7381,0.866,1.6996
1996-07,-5.97,-3.81,5.14,2.95,2.6,0.45,-0.16,-3.3585,2.0165,2.415,2.9393
1996-08,2.77,2.57,-0.74,-0.37,-2.42,0.41,0.01,2.4811,-1.8529,0.1305,-1.3704
1996-09,5.01,-1.39,-2.72,1.27,-2.22,0.44,2.7,-1.4457,-1.7381,2.2071,2.9315
1996-10,0.86,-3.77,4.94,1.4,3.25,0.42,3.79,-2.4195,3.6633,1.8831,3.2184
1996-11,6.25,-3.8,1.39,2.12,-0.79,0.41,-2.37,-3.5327,-1.3109,0.8165,5.389
1996-12,-1.7,3.25,1.31,0.37,1.49,0.46,0.63,3.3237,1.2254,0.9371,1.7538
1997-01,4.99,-1.82,-1.42,1.19,-0.02,0.45,1.96,-0.795,-0.6466,1.8159,2.5674
1997-02,-0.49,-2.59,5.67,0.67,3.47,0.39,-2.13,-2.4667,2.9153,-1.5374,0.6426
1997-03,-5.03,-0.43,3.39,0.5,1.66,0.43,0.9,-0.5279,1.7515,1.7708,0.2068
1997-04,4.04,-5.7,0.07,3.26,-0.72,0.43,4.84,-4.7258,-1.8801,3.8599,2.9932
1997-05,6.74,4.75,-4.13,-1.02,-2.96,0.49,-5.17,5.0194,-3.2305,-0.2201,-1.4972
1997-06,4.1,1.19,1.58,0.56,0.66,0.37,2.6,1.0326,0.2313,2.1092,0.1107
1997-07,7.33,-2.76,0.26,0.07,-2.58,0.43,3.77,-1.4173,-3.0399,1.2853,1.2829
1997-08,-4.15,7.61,1.18,-1.11,-0.04,0.41,-2.56,7.4961,-0.7059,-1.4198,0.4401
1997-09,5.35,2.49,0.37,-1.63,-0.91,0.44,1.47,2.435,-0.1259,-1.0418,-2.6061
1997-10,-3.8,-0.52,2.27,1.0,1.94,0.42,-0.57,-1.0927,2.6609,-1.0477,-1.4187
1997-11,2.98,-5.11,1.2,2.81,1.84,0.39,0.33,-5.5217,2.8803,1.4029,3.6732
1997-12,1.32,-2.03,3.84,0.74,1.92,0.48,3.98,-2.2245,2.2364,1.5724,-2.3996
1998-01,0.15,-1.36,-1.63,0.87,-0.73,0.43,0.14,-1.216,-1.2061,2.1884,2.5942
1998-02,7.04,0.2,-0.85,-0.31,-2.54,0.39,-1.12,1.0586,-2.453,1.1388,-0.2956
1998-03,4.76,-0.65,1.39,-0.26,-0.37,0.39,2.15,-0.3378,0.4996,-0.1759,-1.0612
1998-04,0.73,0.0,0.94,-1.69,-0.36,0.43,0.74,0.4968,0.1834,-0.1992,2.2959
1998-05,-3.07,-2.95,3.44,1.1,2.61,0.4,1.82,-2.6343,2.2554,1.7795,1.0564
1998-06,3.18,-3.66,-1.96,-0.26,-2.97,0.41,7.28,-3.2841,-1.5159,3.159,0.4225
1998-07,-2.46,-5.27,-1.78,1.74,0.45,0.4,3.69,-5.7045,1.8848,0.9703,2.8077
1998-08,-16.08,-5.17,3.53,3.37,5.91,0.43,1.84,-6.1863,5.4604,3.0578,6.7132
1998-09,6.15,-0.78,-3.42,-1.88,-2.99,0.46,-0.81,-2.0592,-3.0812,-1.8265,1.275
1998-10,7.13,-3.43,-2.23,0.93,0.31,0.32,-5.37,-2.1688,-0.9612,0.6389,-0.5144
1998-11,6.1,0.75,-3.25,-0.86,-1.18,0.31,1.2,0.8958,-0.0254,1.3699,1.2936
1998-12,6.16,-1.56,-4.19,-0.76,-3.39,0.38,8.92,-1.8735,-2.9332,2.9291,-2.2555
1999-01,3.5,-0.75,-4.6,-2.77,-6.8,0.35,3.03,-1.8912,-4.4699,-3.2508,-1.0681
1999-02,-4.08,-5.22,1.92,-1.23,4.1,0.35,-0.1,-4.2284,4.8135,0.016,0.0109
1999-03,3.45,-4.23,-2.74,-4.07,-1.42,0.43,-1.27,-5.5833,0.3158,-0.6922,0.4002
1999-04,4.33,4.52,2.46,-2.53,0.89,0.37,-9.04,3.9806,2.6555,-5.152,0.4435
1999-05,-2.46,3.71,2.35,0.93,3.34,0.34,-5.19,4.945,0.4504,0.6804,1.8903
1999-06,4.77,2.29,-3.19,1.13,-3.21,0.4,5.06,3.1512,-2.1112,2.391,4.329
1999-07,-3.49,2.57,-0.44,0.36,3.22,0.38,1.66,2.264,3.4338,1.0281,1.9786
1999-08,-1.38,-1.73,-1.87,-0.24,0.64,0.39,3.12,-1.5497,-1.1989,-0.0297,4.6299
1999-09,-2.79,2.59,-3.49,-0.75,-1.23,0.39,6.47,1.7307,-1.3826,-0.1695,-1.0359
1999-10,6.12,-6.91,-3.37,-1.74,-1.19,0.39,5.5,-5.6493,0.3316,2.0317,1.7882
1999-11,3.37,5.8,-6.12,-4.28,-1.74,0.36,5.64,5.7518,-3.931,-3.0073,1.1586
1999-12,7.72,5.39,-8.33,-7.6,-5.63,0.44,13.22,4.1765,-5.4904,-5.4444,-0.6029
2000-01,-4.74,4.42,-1.88,-6.29,4.72,0.41,1.92,5.6171,2.9355,-4.9998,0.6319
2000-02,2.45,18.28,-9.59,-18.65,-0.48,0.43,18.2,22.1445,-5.3931,-7.5531,-3.1144
2000-03,5.2,-15.32,8.13,11.79,-1.59,0.47,-6.83,-14.402,1.835,7.6849,3.5075
2000-04,-6.4,-5.01,7.26,7.66,5.65,0.46,-8.39,-4.8609,3.7873,8.7094,5.1049
2000-05,-4.42,-3.81,4.75,4.13,1.37,0.5,-8.98,-4.595,0.5085,0.0196,3.7037
2000-06,4.64,9.92,-8.42,-8.31,-2.95,0.4,16.6,10.2649,-3.3905,-4.7546,-1.8045
2000-07,-2.51,-1.03,8.31,5.83,2.94,0.48,-0.05,0.995,2.2468,3.4292,3.2749
2000-08,7.03,-1.03,-1.39,-3.22,1.1,0.5,5.73,0.4492,-0.7996,-2.082,-1.098
2000-09,-5.45,0.19,7.17,2.56,5.53,0.51,1.97,1.6354,5.2247,2.1026,0.7955
2000-10,-2.76,-2.65,5.71,9.61,3.8,0.56,-4.48,-2.223,2.9226,7.3215,6.4705
2000-11,-10.72,-0.58,12.3,13.07,8.43,0.51,-2.32,1.5397,7.4487,10.3593,10.9018
2000-12,1.19,3.26,7.61,1.71,4.79,0.5,6.74,4.6807,6.3542,5.186,0.5126
2001-01,3.13,5.48,-5.07,-4.69,-5.03,0.54,-25.3,2.7241,-7.1285,-10.7883,-6.1594
2001-02,-10.05,2.83,12.47,9.1,9.07,0.38,12.57,2.8959,9.2309,5.2077,6.3589
2001-03,-7.26,2.33,6.42,3.35,3.92,0.42,8.55,2.962,3.7704,3.474,2.6585
2001-04,7.94,-0.86,-4.67,-3.06,-3.2,0.39,-7.9,-0.9199,-3.754,0.0915,-5.4515
2001-05,0.72,3.6,3.36,0.25,1.91,0.32,2.21,4.3577,2.3804,-2.5165,-0.2513
2001-06,-1.94,6.57,-1.12,1.6,-1.51,0.28,0.38,6.711,-1.7973,-0.806,1.9723
2001-07,-2.13,-2.82,5.21,7.42,3.07,0.3,5.58,-2.1452,1.3768,3.8735,5.5121
2001-08,-6.46,2.71,2.31,4.05,6.57,0.31,5.53,2.3699,5.641,4.3155,5.6455
2001-09,-9.25,-5.73,1.45,4.99,3.21,0.28,11.48,-4.9253,2.8644,9.192,5.7667
2001-10,2.46,5.27,-7.65,-2.98,-4.55,0.22,-8.47,3.4861,-2.9867,-4.3754,-0.5555
2001-11,7.54,-0.31,2.21,-3.73,-1.61,0.17,-8.69,-1.3907,-1.1391,-8.4893,-2.9927
2001-12,1.6,5.16,0.84,0.34,-0.26,0.15,0.07,5.3201,-0.1753,0.5419,-2.257
2002-01,-1.44,1.26,3.44,4.69,2.84,0.14,3.75,0.7237,3.2498,0.3033,4.2877
2002-02,-2.29,-0.36,2.16,8.07,5.11,0.13,6.82,-0.4922,4.4456,5.3235,3.7643
2002-03,4.24,4.25,1.06,-1.78,0.58,0.13,-1.64,4.6097,0.7761,-4.7001,-0.5528
2002-04,-5.2,6.72,3.88,4.56,5.38,0.15,7.63,7.5846,4.0731,5.4639,4.0819
2002-05,-1.38,-3.02,1.53,2.36,2.44,0.14,3.16,-3.1795,2.1865,1.8111,0.6156
2002-06,-7.21,3.89,-0.05,3.93,2.51,0.13,6.03,3.5661,3.5485,4.9409,0.5052
2002-07,-8.18,-6.43,-3.85,3.79,-0.99,0.15,3.77,-6.3911,1.9786,6.7016,4.9683
2002-08,0.5,-1.31,3.28,1.36,-1.47,0.14,1.9,0.0007,-0.8574,2.5491,-1.7192
2002-09,-10.35,3.08,1.47,3.29,-2.19,0.14,9.13,3.12,-2.1364,4.4049,1.1299
2002-10,7.84,-4.31,-3.95,-3.39,0.76,0.14,-5.58,-5.1206,0.2843,-4.5614,1.5123
2002-11,5.96,2.91,-1.23,-9.2,5.15,0.12,-16.33,1.496,3.2719,-11.1725,-3.1022
2002-12,-5.76,0.62,2.14,6.29,-1.68,0.11,9.64,0.0671,-2.2589,5.3188,2.2776
2003-01,-2.57,0.7,-0.83,-0.99,0.69,0.1,1.55,-0.9824,0.6982,-0.589,0.7808
2003-02,-1.88,-0.93,-1.39,0.83,-0.62,0.09,1.17,-2.0245,-0.1272,0.8778,1.3997
2003-03,1.09,0.65,-1.93,1.87,-0.77,0.1,1.48,1.4039,-0.1257,3.4092,-0.9347
2003-04,8.22,1.02,1.14,-4.68,1.06,0.1,-9.33,2.3547,1.0369,-4.4513,-2.9391
2003-05,6.05,4.81,0.4,-7.0,2.91,0.09,-10.7,3.8174,1.848,-8.2331,-1.6245
2003-06,1.42,1.66,0.11,0.51,-0.38,0.1,-1.0,2.221,-1.0629,1.0948,-0.1291
2003-07,2.35,4.54,-1.24,-4.14,1.78,0.07,-0.24,4.3762,2.3405,-1.7422,-0.8789
2003-08,2.34,2.48,1.53,-2.25,2.14,0.07,-0.62,2.2397,2.3621,-1.2384,-1.6327
2003-09,-1.24,0.54,0.16,1.01,0.34,0.08,-0.19,0.6889,0.2279,1.2631,2.3261
2003-10,6.08,2.71,1.97,-1.35,1.55,0.07,3.99,3.0474,1.031,-1.7507,-0.5642
2003-11,1.35,2.33,1.78,0.19,1.81,0.07,1.46,2.1957,2.3052,0.7767,0.5379
2003-12,4.29,-2.49,1.6,0.56,0.94,0.08,-5.57,-2.7811,0.774,-1.7394,-1.3486
2004-01,2.15,2.45,2.49,-3.66,3.38,0.07,2.58,3.1121,2.0585,-2.4364,0.837
2004-02,1.4,-0.93,0.9,2.17,-1.21,0.06,-1.14,-0.3075,-0.8855,2.1354,-0.0152
2004-03,-1.32,2.1,0.27,1.56,-0.98,0.09,0.17,2.5218,-0.7352,1.7567,-1.0578
2004-04,-1.83,-2.01,-3.1,3.45,-2.84,0.08,-5.38,-3.2185,-2.9001,0.0193,1.427
2004-05,1.17,-0.38,-0.25,-1.18,0.03,0.06,1.5,-0.3819,0.551,1.068,-0.2178
2004-06,1.86,2.56,1.18,1.2,-0.39,0.08,2.05,2.2399,-0.2618,0.5621,0.6322
2004-07,-4.06,-2.95,3.24,5.32,-1.66,0.1,-2.29,-3.3502,-0.9772,2.4066,3.0646
2004-08,0.08,-1.13,0.97,1.23,-1.47,0.11,-1.59,-1.5163,-1.1997,-1.2272,0.176
2004-09,1.6,3.27,0.0,-1.49,-1.88,0.11,5.49,3.7951,-2.2121,-0.2123,-1.6176
2004-10,1.43,0.19,-0.22,-0.52,0.49,0.11,-1.38,-0.7841,0.584,-1.4399,0.0033
2004-11,4.54,4.11,1.41,-0.58,-0.22,0.15,3.16,4.4728,-0.4263,-1.1342,-1.6565
2004-12,3.43,-0.05,-0.22,-1.16,0.46,0.16,-2.87,-0.0411,0.3018,-0.8598,-1.1293
2005-01,-2.76,-1.17,2.06,2.74,-1.46,0.16,3.05,-0.3941,-0.4036,3.2457,1.2576
2005-02,1.89,-0.31,1.54,1.43,-0.05,0.16,3.37,0.1469,0.2917,3.5726,0.6662
2005-03,-1.97,-1.42,2.04,0.47,1.29,0.21,0.41,-1.7448,0.9394,0.535,1.8949
2005-04,-2.61,-3.98,0.07,0.97,-0.94,0.21,-0.69,-4.4794,-1.4563,-1.1019,2.1604
2005-05,3.65,2.79,-0.64,-1.0,0.3,0.24,0.45,2.9656,-0.0579,0.9641,0.4214
2005-06,0.57,3.28,2.83,0.96,-0.51,0.23,2.05,3.8096,-0.1983,-0.4264,-0.4164
2005-07,3.92,2.81,-0.79,-1.19,-0.82,0.24,0.06,2.7333,-2.0714,-0.2083,-0.4054
2005-08,-1.22,-0.89,1.32,-2.05,0.37,0.3,2.08,-0.7913,0.2355,-0.6848,-0.6039
2005-09,0.49,-0.34,0.71,0.27,-0.6,0.29,3.43,0.0044,-0.0266,0.8619,0.2637
2005-10,-2.02,-1.45,0.42,-0.93,-1.3,0.27,-1.39,-0.5108,-0.3149,1.1011,-0.5498
2005-11,3.61,0.84,-1.16,-0.76,-1.14,0.31,0.35,1.2182,-1.0482,0.7751,-0.6043
2005-12,-0.25,-0.2,0.2,0.21,0.23,0.32,0.77,-0.0336,0.8804,0.2287,1.093
2006-01,3.04,5.75,1.08,-0.64,-0.46,0.35,2.53,6.4413,-0.6797,-0.2611,0.8783
2006-02,-0.3,-0.42,-0.34,-0.51,1.91,0.34,-1.84,-0.395,2.4381,-0.9978,-1.0257
2006-03,1.46,3.38,0.6,0.06,-0.41,0.37,1.26,3.1221,-1.3435,0.7652,-0.7877
2006-04,0.73,-0.84,2.34,1.8,0.01,0.36,0.64,-0.3055,0.3427,0.826,-0.127
2006-05,-3.57,-2.85,2.41,1.15,1.46,0.43,-3.7,-3.5327,1.3126,-0.0785,-1.5898
2006-06,-0.35,-0.24,0.85,1.32,-0.07,0.4,1.54,-0.336,-0.3976,1.0467,0.6316
2006-07,-0.78,-3.63,2.6,1.63,0.9,0.4,-2.12,-3.1594,1.3479,0.5439,3.2046
2006-08,2.03,0.44,-2.06,-1.86,2.09,0.42,-3.38,0.4347,1.9253,-1.3348,-0.1456
2006-09,1.84,-1.46,0.08,0.82,0.6,0.41,-0.96,-0.9696,0.9827,0.6311,0.9507
2006-10,3.23,1.98,-0.31,-0.12,0.28,0.41,-0.2,1.9782,0.1978,-0.2983,0.4435
2006-11,1.71,0.71,0.14,0.15,-0.8,0.42,-1.03,0.3878,-1.5945,0.4951,-0.8997
2006-12,0.87,-0.81,2.73,-0.72,2.06,0.4,0.79,0.0007,1.8255,-0.5587,-1.2249
2007-01,1.4,0.07,-0.68,0.25,0.38,0.44,0.24,-0.0989,0.6262,0.0525,0.0683
2007-02,-1.96,1.29,-0.14,-0.51,-0.71,0.38,-1.35,1.4242,-0.9689,-0.7332,-0.0687
2007-03,0.68,0.2,-0.97,0.64,-0.65,0.43,2.56,-0.1752,-1.1827,0.4443,-0.2037
2007-04,3.49,-2.04,-1.45,1.15,1.03,0.44,-0.24,-1.7361,0.8508,0.5382,1.1127
2007-05,3.24,0.4,-0.65,1.58,-1.36,0.41,-0.34,-0.2466,-2.3062,0.5284,0.1331
2007-06,-1.96,0.74,-1.05,0.53,0.08,0.4,0.51,0.5408,0.952,1.213,-0.5925
2007-07,-3.73,-2.99,-3.71,0.2,-1.13,0.4,2.94,-3.0422,-2.2506,1.5445,0.0496
2007-08,0.92,-0.37,-1.86,-1.21,-0.53,0.42,0.1,-0.816,-1.32,0.9285,0.4943
2007-09,3.22,-2.44,-2.21,-0.52,-3.02,0.32,4.63,-2.4076,-3.2001,1.6183,-0.4745
2007-10,1.8,-0.08,-2.98,-0.3,-0.09,0.32,5.02,0.3772,0.4574,1.2267,0.3453
2007-11,-4.83,-3.02,-0.94,1.89,-0.29,0.34,0.99,-3.0164,0.1771,3.5961,1.4361
2007-12,-0.87,0.15,-0.55,0.87,-1.05,0.27,6.63,0.6429,-0.6026,2.3146,1.0642
2008-01,-6.36,-0.65,3.97,2.14,2.14,0.21,-7.75,-0.7335,1.3985,-0.335,-0.8164
2008-02,-3.09,-0.66,-0.84,0.88,-0.93,0.13,6.1,-0.8807,-1.508,1.8089,1.36
2008-03,-0.93,0.56,0.3,0.79,0.5,0.17,4.27,0.577,-0.3522,2.3694,-0.0305
2008-04,4.6,-1.2,-0.94,1.64,-2.47,0.18,-0.31,-0.9301,-2.3209,-0.8157,3.3207
2008-05,1.86,3.02,-1.43,0.93,-0.06,0.18,3.31,2.5275,-0.3475,-0.3489,0.0573
2008-06,-8.44,1.18,-2.71,4.96,-0.55,0.17,12.75,1.8781,-0.1854,6.3701,1.042
2008-07,-0.77,3.72,5.42,-1.37,1.08,0.15,-5.13,5.9925,1.8031,-0.0192,-0.0866
2008-08,1.53,3.46,1.59,1.86,0.84,0.13,-4.02,1.8626,0.9417,-0.9233,2.0556
2008-09,-9.24,0.25,5.91,2.41,1.78,0.15,0.28,0.6623,3.1609,1.6471,3.451
2008-10,-17.23,-3.34,-2.3,3.04,2.05,0.08,7.85,-3.4778,1.0392,5.8889,6.7419
2008-11,-7.86,-3.89,-6.31,4.53,2.75,0.03,7.17,-5.2251,0.5016,3.5054,2.2205
2008-12,1.74,3.29,0.14,0.06,-1.49,0.0,-5.09,3.5804,-2.3563,-0.6256,-0.7984
2009-01,-8.12,-2.14,-11.29,0.18,-1.17,0.0,-2.18,-2.9404,-0.9195,-0.7397,2.4443
2009-02,-10.1,-1.32,-6.95,1.19,-1.02,0.01,4.41,-1.6061,-1.8632,2.9127,2.997
2009-03,8.95,0.67,3.47,-2.52,-2.25,0.02,-11.87,0.958,-0.4563,-3.3319,0.0621
2009-04,10.18,7.13,5.36,1.31,0.13,0.01,-34.3,7.3504,3.5317,-13.9902,-1.9211
2009-05,5.21,-2.32,0.28,-0.78,-2.17,0.0,-12.49,-1.337,-2.4121,-3.2921,-0.587
2009-06,0.43,2.29,-2.73,-1.41,-0.33,0.01,5.48,3.7792,0.4848,0.9567,2.5897
2009-07,7.72,2.39,4.83,-0.46,3.14,0.01,-5.55,1.6803,2.0193,-4.9457,-1.0228
2009-08,3.33,-0.09,7.63,-3.02,3.34,0.01,-9.07,0.8741,2.2891,-2.5812,-1.5559
2009-09,4.08,2.73,1.05,1.31,0.36,0.01,-4.79,2.4775,-1.1383,-2.7953,-2.6452
2009-10,-2.59,-4.93,-4.21,4.17,-1.51,0.0,2.61,-4.6208,-0.2528,3.9382,2.9368
2009-11,5.56,-2.68,-0.34,1.0,0.12,0.0,0.3,-2.3874,-0.3339,1.0111,-0.3241
2009-12,2.75,6.24,-0.17,1.02,-0.09,0.01,3.01,4.839,-0.1381,-1.8542,-0.126
2010-01,-3.36,0.34,0.43,-1.27,0.46,0.0,-5.4,0.3824,0.6653,-1.0677,-0.6848
2010-02,3.4,1.51,3.23,-0.27,1.43,0.0,3.74,1.5068,0.703,-1.0406,-0.5169
2010-03,6.31,1.85,2.21,-0.65,1.69,0.01,3.76,2.0311,1.6201,-0.5102,-1.6988
2010-04,2.0,4.98,2.89,0.69,1.72,0.01,3.16,3.8994,3.063,-2.4885,-2.3485
2010-05,-7.89,0.04,-2.44,1.3,-0.21,0.01,-0.25,0.0538,-0.4777,2.7377,1.741
2010-06,-5.57,-2.47,-4.7,-0.16,-1.55,0.01,-2.76,-2.3833,-2.491,1.3467,1.9119
2010-07,6.93,0.12,-0.31,0.24,2.01,0.01,1.88,0.4861,1.2168,-0.8604,0.3729
2010-08,-4.77,-3.15,-1.9,0.53,-1.59,0.01,-0.06,-3.6733,-1.7234,-0.5062,-0.7079
2010-09,9.54,3.75,-3.16,-0.21,0.38,0.01,1.41,3.9594,1.142,0.509,0.0709
2010-10,3.88,0.8,-2.43,1.19,-0.26,0.01,1.58,0.6988,-0.0223,0.6453,0.4586
2010-11,0.6,3.67,-0.96,0.45,1.59,0.01,2.66,3.6452,1.8646,-0.0799,-0.6143
2010-12,6.82,1.03,3.7,-3.44,3.16,0.01,-3.03,0.4526,3.0162,-3.6797,-2.2361
2011-01,1.99,-2.43,0.83,-0.76,0.83,0.01,-0.29,-1.9958,1.2925,0.5331,-1.3043
2011-02,3.49,1.65,1.27,-1.94,0.88,0.01,1.99,1.3851,1.442,-1.648,-0.8408
2011-03,0.46,2.62,-1.83,1.76,-0.03,0.01,3.4,1.852,-0.1315,-0.9575,0.3227
2011-04,2.9,-0.55,-2.43,1.01,-0.8,0.0,0.04,-0.878,-0.9779,1.5871,1.1108
2011-05,-1.27,-0.63,-2.12,2.08,-1.59,0.0,-0.62,-0.8588,-1.0351,0.1308,1.3826
2011-06,-1.75,0.16,-0.42,2.49,-1.53,0.0,1.78,0.4599,-1.1515,2.8113,1.0009
2011-07,-2.35,-1.2,-0.9,2.68,-1.81,0.0,0.18,-1.7834,-2.0383,0.7486,0.6584
2011-08,-5.99,-3.2,-2.36,3.3,-0.38,0.01,-0.28,-3.7375,-1.3168,2.5889,2.7071
2011-09,-7.59,-3.66,-1.72,2.04,0.24,0.0,-2.42,-4.7737,0.0766,-0.7641,4.899
2011-10,11.35,3.46,0.1,-2.16,-0.86,0.0,-1.43,5.1842,-0.5881,2.1402,-1.7028
2011-11,-0.28,-0.28,-0.46,1.86,1.49,0.0,3.84,-1.1385,1.5253,0.5804,1.2225
2011-12,0.74,-0.33,1.63,0.98,2.52,0.0,1.81,0.1386,2.6695,1.1493,-0.5716
2012-01,5.05,2.06,-0.97,-2.01,-1.43,0.0,-7.91,2.7798,-0.574,-0.6313,-1.3395
2012-02,4.42,-1.71,0.43,-0.48,-0.01,0.0,-0.29,-0.6691,0.0789,0.2919,0.0238
2012-03,3.11,-0.47,1.14,-0.54,0.74,0.0,1.3,0.7263,1.4304,1.6789,1.8088
2012-04,-0.85,-0.55,-0.78,1.3,0.65,0.0,3.75,-1.0996,0.8585,1.0202,-0.3846
2012-05,-6.19,-0.12,-1.07,2.08,2.31,0.01,6.49,-0.8812,2.6809,1.6079,2.3605
2012-06,3.89,0.84,0.62,-1.09,0.46,0.0,-1.06,1.4974,1.0217,-1.7619,0.3509
2012-07,0.79,-2.78,-0.02,1.1,0.05,0.0,3.04,-3.0848,0.5093,1.5194,0.9808
2012-08,2.55,0.44,1.3,-1.33,-0.84,0.01,-2.37,1.4204,-1.4664,-0.5072,-0.3883
2012-09,2.73,0.61,1.6,-1.49,1.55,0.01,-1.14,1.1701,1.2038,0.1979,-0.6925
2012-10,-1.76,-0.89,3.59,-1.34,2.5,0.01,0.14,0.2241,1.8508,0.4723,-3.7218
2012-11,0.78,0.46,-0.84,0.6,0.84,0.01,0.49,0.3716,0.7994,1.7203,0.1868
2012-12,1.18,1.89,3.51,-1.85,0.91,0.01,-2.86,2.4277,-0.8369,-1.9895,-2.6235
2013-01,5.57,0.48,0.96,-1.93,1.41,0.0,-1.79,0.1975,1.5622,-2.0267,-1.6667
2013-02,1.29,-0.25,0.11,-0.67,0.52,0.0,1.29,-0.621,0.7303,0.0662,0.438
2013-03,4.03,0.85,-0.19,0.14,1.38,0.0,1.92,1.0729,1.292,0.5017,-1.1605
2013-04,1.55,-2.25,0.45,0.27,0.37,0.0,0.22,-2.8649,0.1008,-1.049,-0.2802
2013-05,2.8,2.06,2.63,-1.97,-0.87,0.0,-2.02,3.5114,-1.6629,-0.4309,-1.411
2013-06,-1.2,1.57,0.03,-0.38,0.0,0.0,0.52,0.7559,0.7117,-0.1152,0.5336
2013-07,5.65,1.81,0.57,-1.35,0.51,0.0,1.76,2.096,0.6492,-0.4789,-1.1004
2013-08,-2.71,-0.06,-2.69,0.66,-2.16,0.0,0.02,-0.2103,-1.7886,0.5747,0.1682
2013-09,3.77,2.63,-1.22,-0.58,-1.36,0.0,3.06,2.4501,-0.7386,-0.9744,-1.0177
2013-10,4.18,-1.48,1.25,2.78,0.87,0.0,0.08,-1.6177,1.1612,1.337,0.7823
2013-11,3.13,1.41,0.32,0.14,0.04,0.0,0.44,1.9293,0.0148,1.5473,1.2051
2013-12,2.81,-0.45,-0.02,-0.46,0.09,0.0,0.02,-0.4381,0.7392,-0.1739,-1.7385
2014-01,-3.32,0.58,-2.07,-3.88,-1.42,0.0,1.71,0.3303,-0.2918,-2.3112,0.3524
2014-02,4.65,0.14,-0.31,-0.23,-0.45,0.0,2.07,-0.3064,-0.6297,-1.4762,-0.0127
2014-03,0.43,-1.09,4.93,2.13,1.92,0.0,-3.29,-0.1623,2.7038,1.7701,1.5414
2014-04,-0.19,-4.12,1.17,3.48,1.02,0.0,-3.89,-4.6866,0.8015,1.0756,0.6944
2014-05,2.06,-1.89,-0.13,0.05,-1.0,0.0,0.87,-2.0366,-0.9378,-0.6562,0.5021
2014-06,2.61,3.11,-0.7,-1.89,-2.0,0.0,0.69,2.2426,-2.6584,-2.5842,0.2611
2014-07,-2.04,-4.29,0.03,0.89,0.52,0.0,-0.12,-3.5626,0.7158,1.1954,1.2336
2014-08,4.24,0.31,-0.45,-0.64,-0.7,0.0,0.82,0.4495,-0.9247,0.1376,0.233
2014-09,-1.97,-3.72,-1.34,1.3,-0.51,0.0,0.5,-3.1026,-0.3101,3.0633,2.1813
2014-10,2.52,3.73,-1.81,-0.57,-0.11,0.0,-0.06,3.6151,0.5283,1.6899,-0.1556
2014-11,2.55,-2.28,-3.09,1.5,0.27,0.0,0.69,-1.9772,0.3424,2.5253,0.4493
2014-12,-0.06,2.86,2.27,-1.22,0.96,0.0,1.12,2.7694,0.4723,-0.6556,0.2993
2015-01,-3.11,-0.92,-3.58,1.61,-1.65,0.0,3.84,-1.5792,-1.0729,-0.3707,1.4078
2015-02,6.13,0.32,-1.86,-1.12,-1.82,0.0,-2.82,0.816,-1.3938,0.0837,-0.9756
2015-03,-1.12,3.07,-0.37,0.09,-0.52,0.0,2.74,2.8163,-0.2615,0.8338,-0.0421
2015-04,0.59,-3.09,1.82,0.06,-0.61,0.0,-7.27,-3.7918,-0.8011,-2.1972,-0.2287
2015-05,1.36,0.83,-1.14,-1.79,-0.74,0.0,5.82,1.735,-0.612,1.4466,0.2946
2015-06,-1.53,2.9,-0.79,0.44,-1.58,0.0,3.01,2.8606,-2.4461,1.2477,-0.7174
2015-07,1.54,-4.55,-4.13,0.3,-2.41,0.0,9.98,-4.0748,-2.7296,4.3509,2.583
2015-08,-6.04,0.25,2.77,0.68,1.19,0.0,-2.09,0.5006,1.1632,0.7598,0.2619
2015-09,-3.07,-2.79,0.56,1.77,-0.58,0.0,5.22,-3.3796,0.3072,4.2729,3.4773
2015-10,7.75,-2.07,-0.46,0.88,0.52,0.0,-3.28,-2.7651,0.6524,-2.314,1.0362
2015-11,0.56,3.31,-0.42,-2.75,-0.99,0.0,2.28,3.4655,-0.5479,-1.7097,0.4651
2015-12,-2.17,-2.99,-2.61,0.5,-0.02,0.01,3.36,-2.0946,0.328,2.9435,3.3336
2016-01,-5.77,-3.47,2.09,2.82,3.08,0.01,1.44,-2.8171,2.7736,5.3293,4.7834
2016-02,-0.07,0.88,-0.57,3.25,2.02,0.02,-4.38,0.4861,1.7188,2.0303,-0.1345
2016-03,6.96,1.07,1.19,0.77,-0.08,0.02,-5.01,1.0386,-0.7057,-2.1273,-2.7531
2016-04,0.91,1.23,3.28,-2.97,1.9,0.01,-6.02,0.1069,1.2916,-7.2338,-5.236
2016-05,1.78,-0.61,-1.66,-1.09,-2.48,0.01,1.42,-0.501,-2.2596,0.9368,2.2551
2016-06,-0.05,0.45,-1.48,1.4,1.94,0.02,4.13,-0.3369,0.4911,0.273,-0.8264
2016-07,3.95,2.48,-1.32,1.26,-1.18,0.02,-3.34,2.3302,-2.1903,-0.5211,2.2562
2016-08,0.49,1.68,3.18,-1.85,-0.34,0.02,-3.49,0.9735,-0.2318,-2.3925,-0.3905
2016-09,0.25,1.85,-1.24,-2.21,0.03,0.02,0.19,1.0162,0.2096,-3.078,-0.9288
2016-10,-2.02,-4.02,4.09,0.93,0.28,0.02,0.59,-3.4301,0.869,3.0152,2.029
2016-11,4.86,7.07,8.21,-0.18,3.7,0.01,-4.62,6.5782,2.978,-0.971,-2.5338
2016-12,1.82,0.41,3.53,1.22,-0.23,0.03,-0.26,0.6324,-0.2455,1.5371,0.8248
2017-01,1.94,-1.46,-2.75,-0.49,-0.99,0.04,-0.93,-1.8672,-2.0241,-1.3102,0.6337
2017-02,3.57,-2.22,-1.67,0.47,-1.83,0.04,-1.65,-1.6698,-2.2401,2.0078,2.4684
2017-03,0.17,0.74,-3.35,0.61,-0.94,0.03,-1.02,1.2536,-1.2934,1.9001,1.2334
2017-04,1.09,0.48,-2.13,1.9,-1.6,0.05,0.48,0.6004,-1.5686,1.0154,1.6603
2017-05,1.06,-3.06,-3.78,0.95,-1.79,0.06,1.48,-2.572,-1.559,1.3157,2.6916
2017-06,0.78,2.58,1.48,-2.22,0.0,0.06,-0.09,3.0521,-0.5345,-1.3137,-1.8834
2017-07,1.87,-1.69,-0.31,-0.64,-0.2,0.07,1.68,-1.1238,-0.4273,1.5286,1.0232
2017-08,0.16,-1.82,-2.09,0.14,-2.38,0.09,3.26,-1.456,-2.8801,0.3901,1.5301
2017-09,2.51,4.78,3.14,-1.47,1.69,0.09,-1.32,4.9094,3.1398,0.4385,-1.7837
2017-10,2.25,-1.94,0.2,0.93,-3.25,0.09,4.27,-1.3341,-3.3035,1.3832,2.8967
2017-11,3.12,-0.33,-0.03,3.16,-0.05,0.08,-0.87,0.2127,-0.4945,1.8841,1.165
2017-12,1.06,-1.07,0.06,0.74,1.69,0.09,-1.54,-0.9107,1.7408,0.3386,-1.0643
2018-01,5.57,-3.18,-1.29,-0.76,-0.96,0.12,4.05,-2.7667,-1.2905,-1.2835,2.5698
2018-02,-3.65,0.32,-1.04,0.52,-2.37,0.11,3.58,0.183,-1.6974,-0.7709,4.466
2018-03,-2.35,3.59,-0.21,-0.46,0.01,0.11,-1.13,2.8019,-0.1097,0.1504,0.463
2018-04,0.28,0.93,0.54,-2.42,1.3,0.14,0.36,0.2757,1.586,-0.0324,-0.8221
2018-05,2.65,4.73,-3.2,-2.04,-1.5,0.14,3.89,4.9641,-0.9636,-1.7547,2.3324
2018-06,0.48,0.8,-2.34,0.79,0.24,0.14,-2.35,0.6134,-0.3929,1.4065,0.0872
2018-07,3.19,-1.93,0.47,1.56,0.35,0.16,-1.41,-1.3017,0.4681,1.9791,1.4064
2018-08,3.44,0.64,-3.94,-0.31,-2.7,0.16,5.29,1.5016,-2.4129,0.3628,4.167
2018-09,0.06,-2.48,-1.7,0.63,1.29,0.15,0.04,-3.1009,1.45,0.7193,0.9718
2018-10,-7.68,-4.46,3.4,0.94,3.59,0.19,-1.99,-4.7513,4.1724,1.2653,-0.7543
2018-11,1.69,-0.77,0.3,-0.55,0.39,0.18,-1.37,-0.7807,-0.9826,0.6932,2.7784
2018-12,-9.57,-2.88,-1.84,-0.02,0.21,0.2,2.11,-3.0346,-0.8421,1.2754,2.4925
2019-01,8.4,3.03,-0.46,-0.8,-1.51,0.21,-8.68,2.0507,-0.9971,-3.9593,-7.1445
2019-02,3.4,1.74,-2.67,0.12,-1.59,0.18,0.86,1.1925,-2.5881,0.527,1.3807
2019-03,1.1,-3.51,-4.17,0.9,-0.95,0.19,2.21,-3.4388,-0.4832,0.0942,0.6648
2019-04,3.97,-1.17,2.15,1.61,-2.22,0.21,-2.97,-0.2524,-2.4268,1.8378,1.0612
2019-05,-6.94,-1.59,-2.37,-0.46,1.77,0.21,7.56,-1.9174,1.5221,0.6472,0.171
2019-06,6.93,0.37,-0.71,0.9,-0.44,0.18,-2.3,-0.43,-0.2681,-0.1339,-0.4102
2019-07,1.19,-1.78,0.48,-0.08,0.36,0.19,2.89,-1.6351,0.1745,0.4834,1.3001
2019-08,-2.58,-3.24,-4.78,0.56,-0.68,0.16,6.92,-4.209,-1.0153,1.8765,1.5138
2019-09,1.43,0.27,6.75,1.84,3.37,0.18,-6.81,1.4364,2.9758,1.7112,-1.8618
2019-10,2.06,0.26,-1.91,0.44,-0.96,0.16,0.15,0.823,-0.6405,0.8396,1.9432
2019-11,3.87,0.44,-2.02,-1.59,-1.24,0.12,-2.66,0.0017,-1.0307,-1.3054,-0.6352
2019-12,2.77,0.97,1.75,0.01,1.24,0.14,-1.77,1.3017,1.8016,-1.2858,-0.7662
2020-01,-0.11,-4.38,-6.25,-1.17,-2.32,0.13,5.98,-4.7449,-2.3964,-0.4568,2.4581
2020-02,-8.13,0.04,-3.81,-1.47,-2.51,0.12,-0.4,-1.3723,-2.2206,-0.4626,1.5515
2020-03,-13.39,-8.28,-13.87,-1.57,1.24,0.13,7.97,-8.4075,2.1202,5.8395,11.9071
2020-04,13.65,2.56,-1.33,2.72,-1.0,0.0,-5.23,3.3984,-0.1436,-1.9135,-2.7459
2020-05,5.58,1.97,-4.88,0.95,-3.26,0.01,0.43,2.4777,-3.7099,-0.6115,0.7014
2020-06,2.46,1.96,-2.2,0.09,0.54,0.01,-0.73,2.2921,0.2574,1.1653,1.6956
2020-07,5.77,-3.2,-1.41,0.41,1.02,0.01,7.61,-1.2545,-1.3813,3.3555,1.3992
2020-08,7.63,-0.89,-2.97,4.28,-1.19,0.01,0.55,-2.0267,-2.9853,-0.7089,-1.6697
2020-09,-3.63,0.01,-2.71,-1.36,-1.85,0.01,3.12,0.592,-2.5136,1.1375,0.8072
2020-10,-2.1,4.64,4.25,-0.83,-0.78,0.01,-3.05,2.6025,-0.4067,-2.6512,0.0726
2020-11,12.47,7.11,2.09,-2.2,1.4,0.01,-12.43,4.1354,3.1876,-14.3089,-9.8294
2020-12,4.63,4.79,-1.51,-1.96,-0.12,0.01,-2.32,4.2013,-2.7157,-4.1575,-1.0062
2021-01,-0.03,6.94,3.01,-3.78,4.94,0.01,4.5,8.2266,6.4987,-1.9992,-7.1561
2021-02,2.78,4.54,7.15,0.39,-1.94,0.0,-7.89,4.3707,-0.6657,-6.1829,-5.6844
2021-03,3.08,-0.88,7.39,6.36,3.42,0.0,-6.14,-0.6519,4.6803,4.4253,-1.4957
2021-04,4.93,-3.16,-0.95,2.44,-2.7,0.0,1.16,-3.0234,-3.3593,2.2228,2.1599
2021-05,0.29,1.22,7.09,2.45,3.04,0.0,0.88,1.5281,4.4315,2.5653,-1.5652
2021-06,2.75,-0.34,-7.87,-2.14,-0.94,0.0,2.2,-0.1273,-2.5541,-1.2674,3.6784
2021-07,1.27,-4.61,-1.78,5.46,-0.52,0.0,-2.28,-3.0131,-1.5395,7.473,5.3209
2021-08,2.91,-0.68,-0.15,-0.28,-1.79,0.0,2.45,-0.7712,-2.054,1.2468,2.3736
2021-09,-4.37,1.12,5.08,-1.96,2.1,0.0,1.49,0.7796,3.2832,-1.7584,-4.6872
2021-10,6.65,-2.7,-0.49,1.66,-1.45,0.0,3.19,-1.9889,-2.2802,3.3116,3.3914
2021-11,-1.55,-1.77,-0.45,7.2,1.73,0.0,0.88,-0.6214,-0.3591,8.3907,4.796
2021-12,3.1,-0.8,3.26,4.91,4.4,0.01,-2.6,-0.5947,5.2655,3.7494,1.2502
2022-01,-6.25,-4.06,12.75,0.84,7.72,0.0,-2.6,-3.734,10.3845,0.7958,-3.3889
2022-02,-2.29,2.92,3.08,-2.09,3.12,0.0,1.76,3.1876,3.6933,-2.3836,-4.2422
2022-03,3.05,-2.17,-1.81,-1.53,3.14,0.01,3.01,-1.8472,3.2339,-0.112,-1.4303
2022-04,-9.46,-0.39,6.17,3.52,5.89,0.01,4.87,0.8844,6.0285,4.6841,0.0161
2022-05,-0.34,-0.06,8.39,1.56,3.97,0.03,2.43,0.807,5.733,1.064,1.2622
2022-06,-8.43,1.3,-5.97,1.81,-4.69,0.06,0.75,0.6968,-5.6119,1.0063,1.4046
2022-07,9.57,1.82,-4.05,0.82,-6.83,0.08,-3.95,0.2844,-5.596,-2.0623,2.3743
2022-08,-3.77,1.52,0.29,-4.75,1.29,0.19,2.04,1.4702,2.7022,-2.6136,-3.4257
2022-09,-9.35,-1.05,0.05,-1.51,-0.8,0.19,3.51,-1.7464,-0.3029,1.1599,1.6949
2022-10,7.83,1.89,8.01,3.34,6.64,0.23,3.96,4.8084,7.5208,5.1531,-0.895
2022-11,4.6,-2.74,1.38,6.38,3.18,0.29,-1.98,-2.3135,2.1134,2.5263,1.3382
2022-12,-6.41,-0.15,1.37,0.25,4.2,0.33,4.55,0.3653,3.9516,-0.4662,-0.4092
2023-01,6.65,4.41,-4.01,-2.44,-4.47,0.35,-16.01,4.7247,-5.4623,-4.2413,-2.0987
2023-02,-2.58,0.66,-0.81,1.01,-1.33,0.34,0.15,-0.1313,-1.3424,2.9243,1.9794
2023-03,2.51,-6.94,-8.85,2.24,-2.37,0.36,-2.47,-7.7886,-3.2743,1.1849,6.312
2023-04,0.61,-2.56,-0.04,2.42,2.86,0.35,1.62,-1.9674,3.0871,-1.0976,-0.5297
2023-05,0.35,-0.38,-7.72,-1.81,-7.22,0.36,-0.63,-1.7025,-6.9667,-1.1789,1.7062
2023-06,6.46,1.34,-0.26,2.18,-1.62,0.4,-2.37,2.6905,-1.4515,4.2909,0.2824
2023-07,3.21,2.86,4.11,-0.57,0.57,0.45,-3.98,1.4887,-0.5918,-0.6995,-1.0095
2023-08,-2.39,-3.65,-1.06,3.43,-2.37,0.45,3.77,-2.3035,-0.8323,5.1629,5.0538
2023-09,-5.24,-1.8,1.52,1.86,-0.83,0.43,0.26,-0.1586,-0.5022,3.3765,3.0499
2023-10,-3.19,-4.04,0.19,2.46,-0.66,0.47,1.73,-2.6272,-0.3951,5.771,4.6495
2023-11,8.84,-0.12,1.64,-3.91,-1.0,0.44,2.75,-0.7873,-2.2334,-3.8269,-3.2768
2023-12,4.85,7.32,4.94,-3.07,1.32,0.43,-5.56,5.4177,0.4286,-3.6554,-4.2574
