Year_Month,R1-RF,R2-RF,R3-RF,R4-RF,R5-RF,CMA,EG,HML,IA,ME,MOM,Mkt-RF,RMW,ROE,SMB
1994-01,3.2457077397477,3.669498045795322,4.294715525668508,4.907347571993687,5.515110840329002,1.43,0.9311,1.15,1.1272,0.159,0.0,2.87,-1.66,-0.922,-0.06
1994-02,-0.19473389998991938,0.4161123007450076,1.2868553356903725,2.154125215781643,3.064311428601995,-1.0,1.598,-1.54,-0.4691,2.6526,-0.3,-2.55,2.14,2.6619,2.67
1994-03,-4.115235286003445,-3.772461279206293,-3.3539759867602568,-2.9669326703789376,-2.6392988661834114,1.28,1.3513,1.6,0.9681,-0.9378,-1.27,-4.78,0.69,0.2218,-1.04
1994-04,0.7673050340114709,1.184517624079732,1.7758929706589135,2.3430337665731806,2.8946094574758976,1.11,1.5131,1.66,1.2741,-0.819,0.39,0.68,1.07,1.529,-1.01
1994-05,0.28733555997845134,0.6588459286470552,1.1343588586674271,1.5606153747163112,1.9398981100871784,0.68,1.4199,0.67,0.512,-1.9848,-2.19,0.58,0.6,-0.7588,-2.56
1994-06,-1.1835051017028095,-0.9311700481324912,-0.6403798421168903,-0.3951489730343768,-0.1824850458460934,1.47,1.3288,1.67,0.9202,-0.8441,-0.87,-3.03,1.21,0.1932,-0.5
1994-07,2.0029112147284334,2.445324553809849,3.065375690985741,3.616918843933373,4.157911938440164,0.14,-0.0945,0.58,0.4259,-1.4321,0.18,2.82,-0.65,0.7148,-1.85
1994-08,3.8192161376611446,4.242111482139336,4.860252312819283,5.566093585996915,6.337705293283572,-1.47,2.6805,-2.51,-0.6915,2.0904,1.55,4.01,0.95,2.061,1.37
1994-09,-0.6991693922211181,-0.4316224924419261,-0.04275473309504807,0.32882722518910257,0.7011879805382241,0.93,0.9738,-1.89,0.5879,2.2081,1.31,-2.31,0.52,1.0911,2.8
1994-10,0.7969266213975005,1.7952011423780583,3.22769498693454,4.729874158165861,6.297862818166003,-0.68,2.448,-1.62,0.1613,-1.8201,1.49,1.34,0.23,0.3556,-2.3
1994-11,-2.9620910979586266,-2.778449942444002,-2.5292648994703812,-2.3336701434982086,-2.16211116845005,-0.5,1.4457,-0.7,-1.0042,0.5354,-0.18,-4.04,0.42,1.3703,0.07
1994-12,0.9720248729452057,1.5890508363809412,2.380355434242461,3.116446471480701,3.8313492834405953,0.38,3.7209,-0.13,1.2933,1.1739,3.48,0.86,0.37,3.9844,0.0
1995-01,1.6978560797099345,2.24952468881998,2.711545023376936,3.137398408396484,3.535332774769249,-0.75,1.1177,2.57,-0.0027,-2.4308,-1.81,1.8,0.17,-0.063,-3.06
1995-02,2.295921466848761,2.9257113089626645,3.5007427700754383,4.064971137325268,4.632593541034313,-0.33,1.2099,1.08,-0.8485,-0.6967,-0.39,3.63,0.59,0.5097,-0.54
1995-03,1.1752237444292595,1.926609043948829,2.5104836659398826,3.104258313060553,3.704582373050374,0.22,0.7805,-2.15,0.1685,-1.2145,0.43,2.19,-0.17,1.2654,-0.51
1995-04,1.5770671215212544,2.0453283154328,2.3763830676728452,2.6778792095965636,2.9806703947668116,0.9,3.4497,1.71,0.0068,-0.0076,1.79,2.11,0.41,0.142,-0.22
1995-05,1.8523129475891258,2.729957744601326,3.537461079724931,4.381844183676471,5.223173276288902,0.04,1.4624,2.29,0.8586,-2.2038,-0.42,2.9,0.39,-1.0066,-2.19
1995-06,2.4848175313115712,3.186309798739832,3.6557822320084794,4.171154999965425,4.725273337364337,-2.44,1.8099,-2.54,-1.7465,3.219,2.93,2.72,-0.33,2.1275,3.06
1995-07,2.4340719359653598,2.9826466193308256,3.5754543342958858,4.1827719908200836,4.751341176587171,-1.65,0.3138,-1.62,-2.5443,1.7624,2.56,3.72,0.3,0.9451,2.09
1995-08,1.7963342258112618,2.604130294965527,3.372675293984388,4.174348996694059,4.9841493309129055,1.62,1.2954,2.79,2.1996,2.3538,0.16,0.55,-1.24,0.1383,1.75
1995-09,1.8353820345554188,2.3581513427355563,2.8195603485388934,3.275457407896029,3.687115167916707,0.36,3.123,-0.04,1.9328,-0.7905,2.9,3.35,1.03,1.3917,-1.88
1995-10,-0.39336558337497896,0.24876269414772323,0.7091659692834689,1.1329310431195043,1.4859171891332603,-0.05,4.4585,-0.5,0.7822,-5.0247,4.16,-1.52,1.91,2.7798,-4.04
1995-11,2.6641088804826722,3.332266128619297,3.9509599417030676,4.587272385850725,5.203977917439693,1.12,-1.2715,0.51,1.1261,-0.7575,-0.68,3.96,-0.62,-0.2398,-1.07
1995-12,2.500001350623239,3.202007443305778,3.7975021567235547,4.361313068157514,4.869721854009569,3.1,0.4029,0.22,3.1163,0.6315,2.52,1.03,-1.37,0.2794,0.72
1996-01,1.3549189410363396,1.9329974855474912,2.235232384305005,2.4203633859689124,2.6039666428822463,2.31,1.4014,0.38,2.451,-2.6865,0.54,2.26,0.18,-1.5087,-2.56
1996-02,1.183817701914426,1.6968069629644158,2.1065892601552796,2.5020668420298278,2.877309072074753,-1.9,0.7364,-1.08,-0.9876,2.7354,0.59,1.33,0.24,3.1394,1.77
1996-03,1.2447972059583603,1.9196422489514933,2.6824742880305465,3.481252863640629,4.406996607271598,-0.95,-1.3301,0.35,-0.6897,1.873,-1.84,0.73,1.42,0.2756,1.61
1996-04,0.9858658981427952,1.737279392476892,2.647860767134807,3.649379271198743,4.695171758710564,-2.11,1.1731,-4.02,-1.8073,5.1852,-0.88,2.06,-0.14,2.8673,4.71
1996-05,2.007303161684913,2.628682782072021,3.439777475308568,4.310239470608755,5.202960664976184,-0.3,-1.4379,-0.83,1.0265,4.4631,1.54,2.36,0.12,1.864,3.21
1996-06,0.19964645444599005,0.8564651117133121,1.2996536464134016,1.5903603381941749,1.8648472562561529,1.22,1.6996,2.35,1.7381,-4.2992,0.98,-1.14,3.51,0.866,-3.65
1996-07,-2.1183784975105366,-1.7460065152788469,-1.439681506912754,-1.1170624050827966,-0.9641820453579915,2.6,2.9393,5.14,2.0165,-3.3585,-0.16,-5.97,2.95,2.415,-3.81
1996-08,2.8744953515612117,3.593249781895879,4.258275537793431,4.986141153951883,5.7866501635733805,-2.42,-1.3704,-0.74,-1.8529,2.4811,0.01,2.77,-0.37,0.1305,2.57
1996-09,1.950330460466461,2.598054741262397,3.1663188328999903,3.739987086716497,4.258623865209095,-2.22,2.9315,-2.72,-1.7381,-1.4457,2.7,5.01,1.27,2.2071,-1.39
1996-10,1.451402230328845,2.2492408720919714,2.907767281730143,3.5528402400237784,4.0510088916946945,3.25,3.2184,4.94,3.6633,-2.4195,3.79,0.86,1.4,1.8831,-3.77
1996-11,3.1748746956200993,4.120564776750934,4.942873062581831,5.728176612799917,6.4963893897284954,-0.79,5.389,1.39,-1.3109,-3.5327,-2.37,6.25,2.12,0.8165,-3.8
1996-12,2.44047383542662,3.163922981641625,3.921629935322162,4.548907574650046,5.0727219266910755,1.49,1.7538,1.31,1.2254,3.3237,0.63,-1.7,0.37,0.9371,3.25
1997-01,2.50463971396559,3.020583428751883,3.7128928058299984,4.526242639656947,5.387518614931003,-0.02,2.5674,-1.42,-0.6466,-0.795,1.96,4.99,1.19,1.8159,-1.82
1997-02,0.7002703456794338,1.2401902857382754,1.6942027164956976,2.0458085629472724,2.321465500205423,3.47,0.6426,5.67,2.9153,-2.4667,-2.13,-0.49,0.67,-1.5374,-2.59
1997-03,-0.9117111476953739,-0.4496736959307997,-0.0725261909926086,0.3184944023896212,0.6782986555431163,1.66,0.2068,3.39,1.7515,-0.5279,0.9,-5.03,0.5,1.7708,-0.43
1997-04,0.13240695371554406,0.8413750379592662,1.484958142483636,2.0750976619931607,2.7231778655196295,-0.72,2.9932,0.07,-1.8801,-4.7258,4.84,4.04,3.26,3.8599,-5.7
1997-05,4.331060830605295,4.607929489649955,4.809546325148951,5.104488219653737,5.486173953565866,-2.96,-1.4972,-4.13,-3.2305,5.0194,-5.17,6.74,-1.02,-0.2201,4.75
1997-06,4.043888469745264,4.871127568559922,5.899453761385213,6.83736707013967,7.711582583311597,0.66,0.1107,1.58,0.2313,1.0326,2.6,4.1,0.56,2.1092,1.19
1997-07,3.463366994808112,3.987456861675517,4.783188312453121,5.63058454590539,6.548127944877755,-2.58,1.2829,0.26,-3.0399,-1.4173,3.77,7.33,0.07,1.2853,-2.76
1997-08,2.3052415337727163,2.8399486317264735,3.350335411093063,3.9380340344171696,4.552173789747326,-0.04,0.4401,1.18,-0.7059,7.4961,-2.56,-4.15,-1.11,-1.4198,7.61
1997-09,5.031346164571278,5.678748543273633,6.475638197533069,7.157122189679517,7.743192871837841,-0.91,-2.6061,0.37,-0.1259,2.435,1.47,5.35,-1.63,-1.0418,2.49
1997-10,1.0921023312404392,1.8508446117391424,2.6090966489421312,3.2677348283838703,3.8966553559085497,1.94,-1.4187,2.27,2.6609,-1.0927,-0.57,-3.8,1.0,-1.0477,-0.52
1997-11,1.7428699056420318,2.4355323543936005,2.921318805686847,3.3832068909815285,3.814049265451548,1.84,3.6732,1.2,2.8803,-5.5217,0.33,2.98,2.81,1.4029,-5.11
1997-12,3.0637003920249843,3.982926263114775,4.823974147419676,5.599453701889759,6.183674845806388,1.92,-2.3996,3.84,2.2364,-2.2245,3.98,1.32,0.74,1.5724,-2.03
1998-01,-0.8188476508030924,-0.4372025900807903,-0.12858789151668787,0.0884211978355835,0.25207089942515787,-0.73,2.5942,-1.63,-1.2061,-1.216,0.14,0.15,0.87,2.1884,-1.36
1998-02,1.1635942260475054,1.6205252847662401,2.1494754865791346,2.669372876877897,3.234690803349173,-2.54,-0.2956,-0.85,-2.453,1.0586,-1.12,7.04,-0.31,1.1388,0.2
1998-03,3.216809738812733,3.871086582280793,4.510116544110023,5.1770494663800255,5.967193149603857,-0.37,-1.0612,1.39,0.4996,-0.3378,2.15,4.76,-0.26,-0.1759,-0.65
1998-04,-0.2607095191622862,-0.04156213700026462,0.21846989485003449,0.55373953450841,0.9426267451553698,-0.36,2.2959,0.94,0.1834,0.4968,0.74,0.73,-1.69,-0.1992,0.0
1998-05,-0.9941088503843228,-0.6836570157517593,-0.3667403036524016,-0.03210846539596324,0.2090201223383884,2.61,1.0564,3.44,2.2554,-2.6343,1.82,-3.07,1.1,1.7795,-2.95
1998-06,0.4317871678006339,1.835905132924686,3.133752178540438,4.402573810706455,5.582060401331756,-2.97,0.4225,-1.96,-1.5159,-3.2841,7.28,3.18,-0.26,3.159,-3.66
1998-07,-3.222791546937775,-2.5803219065234417,-2.0524897952003403,-1.529986339069,-1.0221676440292145,0.45,2.8077,-1.78,1.8848,-5.7045,3.69,-2.46,1.74,0.9703,-5.27
1998-08,-4.833983781423715,-4.525629148458912,-4.394635602479371,-4.309993582223196,-4.337862210124002,5.91,6.7132,3.53,5.4604,-6.1863,1.84,-16.08,3.37,3.0578,-5.17
1998-09,2.153105642476832,2.9923279616897496,3.7573000124554605,4.523475042351682,5.347924059753455,-2.99,1.275,-3.42,-3.0812,-2.0592,-0.81,6.15,-1.88,-1.8265,-0.78
1998-10,1.4809320445617982,2.085916066095748,2.57264587546223,3.1454844660839902,3.8149823422772493,0.31,-0.5144,-2.23,-0.9612,-2.1688,-5.37,7.13,0.93,0.6389,-3.43
1998-11,2.021587995612949,2.7816299656961854,3.4206671299298654,4.055381214783759,4.771701948973594,-1.18,1.2936,-3.25,-0.0254,0.8958,1.2,6.1,-0.86,1.3699,0.75
1998-12,-0.04197996397057058,1.3454796838055643,2.5144033988660857,3.6789127434262685,4.841764473951773,-3.39,-2.2555,-4.19,-2.9332,-1.8735,8.92,6.16,-0.76,2.9291,-1.56
1999-01,-0.014392334543139262,0.8799940650321473,1.8004106123955146,2.7644008912611597,3.8033542679935697,-6.8,-1.0681,-4.6,-4.4699,-1.8912,3.03,3.5,-2.77,-3.2508,-0.75
1999-02,-2.349217011462351,-1.9812832764988517,-1.621810136251017,-1.320748594423876,-1.0883788365473266,4.1,0.0109,1.92,4.8135,-4.2284,-0.1,-4.08,-1.23,0.016,-5.22
1999-03,-1.501096948625749,-1.0300886307212516,-0.6283918992782496,-0.203831655926859,0.21235680946373997,-1.42,0.4002,-2.74,0.3158,-5.5833,-1.27,3.45,-4.07,-0.6922,-4.23
1999-04,4.725033206479194,5.427577811025989,6.232922734041994,7.01718308354751,7.803595638495579,0.89,0.4435,2.46,2.6555,3.9806,-9.04,4.33,-2.53,-5.152,4.52
1999-05,1.8866197875806303,2.294460891798174,2.715346524517022,3.146754654451163,3.5442817277670913,3.34,1.8903,2.35,0.4504,4.945,-5.19,-2.46,0.93,0.6804,3.71
1999-06,1.2560478697422943,2.0419882366741864,2.7981064538642024,3.5839380316599283,4.3292662418623395,-3.21,4.329,-3.19,-2.1112,3.1512,5.06,4.77,1.13,2.391,2.29
1999-07,-0.0913355751519937,0.5614162241499602,1.0619587844314742,1.4819251720009001,1.869830254831986,3.22,1.9786,-0.44,3.4338,2.264,1.66,-3.49,0.36,1.0281,2.57
1999-08,-2.693207929922846,-1.9551565732148988,-1.2187322547291144,-0.5677016918892648,0.03332504523321378,0.64,4.6299,-1.87,-1.1989,-1.5497,3.12,-1.38,-0.24,-0.0297,-1.73
1999-09,-2.2051656910097126,-1.5247808068059796,-1.0074956918891806,-0.45564592307767293,0.06213416566032276,-1.23,-1.0359,-3.49,-1.3826,1.7307,6.47,-2.79,-0.75,-0.1695,2.59
1999-10,-0.5637452917750737,0.1361267511625034,0.7011807938604134,1.3082496469508444,1.9156791548246024,-1.19,1.7882,-3.37,0.3316,-5.6493,5.5,6.12,-1.74,2.0317,-6.91
1999-11,0.4239090091916079,1.6251828810068418,2.6783193236104057,3.7270946743462923,4.826479722392367,-1.74,1.1586,-6.12,-3.931,5.7518,5.64,3.37,-4.28,-3.0073,5.8
1999-12,-0.5458698179070116,1.01051024151579,2.531883285730126,4.093460034597225,5.751388150704768,-5.63,-0.6029,-8.33,-5.4904,4.1765,13.22,7.72,-7.6,-5.4444,5.39
2000-01,1.4656082965454724,2.4161410437849797,3.323917314360125,4.316288003787382,5.3692515476606575,4.72,0.6319,-1.88,2.9355,5.6171,1.92,-4.74,-6.29,-4.9998,4.42
2000-02,-0.45328247085106027,0.3332018846454258,1.3307207385772484,2.3946029968599594,3.490478330144794,-0.48,-3.1144,-9.59,-5.3931,22.1445,18.2,2.45,-18.65,-7.5531,18.28
2000-03,1.881557159699325,3.0525755412104267,4.088825655825483,5.124575941381708,6.212505530397198,-1.59,3.5075,8.13,1.835,-14.402,-6.83,5.2,11.79,7.6849,-15.32
2000-04,0.5829674333492845,1.468081510145585,2.676762001216531,3.7607224085129003,4.829526797765198,5.65,5.1049,7.26,3.7873,-4.8609,-8.39,-6.4,7.66,8.7094,-5.01
2000-05,0.3200531479462869,1.4080314949377453,2.476530124436505,3.514887292350866,4.510150632830834,1.37,3.7037,4.75,0.5085,-4.595,-8.98,-4.42,4.13,0.0196,-3.81
2000-06,1.1248495608425784,2.05172642381728,3.0152328698936697,4.049408038869351,5.05743377849508,-2.95,-1.8045,-8.42,-3.3905,10.2649,16.6,4.64,-8.31,-4.7546,9.92
2000-07,1.8261829010242008,2.882929377993651,3.914923118497518,4.740011848757645,5.593179827533371,2.94,3.2749,8.31,2.2468,0.995,-0.05,-2.51,5.83,3.4292,-1.03
2000-08,1.9777688898675931,3.1091556458398566,4.275714287512334,5.639360889277867,7.052675020603172,1.1,-1.098,-1.39,-0.7996,0.4492,5.73,7.03,-3.22,-2.082,-1.03
2000-09,1.206194970972551,2.103226874193253,2.729077822501524,3.4138558755760435,4.1182798583729525,5.53,0.7955,7.17,5.2247,1.6354,1.97,-5.45,2.56,2.1026,0.19
2000-10,-1.0381747041236906,-0.29852506462452816,0.6631435786495659,1.460913343898556,2.230407341805312,3.8,6.4705,5.71,2.9226,-2.223,-4.48,-2.76,9.61,7.3215,-2.65
2000-11,-0.005586717036377253,0.8553533140367546,1.4644902887373072,2.0366066426059533,2.5590396493607166,8.43,10.9018,12.3,7.4487,1.5397,-2.32,-10.72,13.07,10.3593,-0.58
2000-12,4.615760775789968,5.928742412779087,7.571086801192106,9.182787718447836,10.712446407371912,4.79,0.5126,7.61,6.3542,4.6807,6.74,1.19,1.71,5.186,3.26
2001-01,3.038474394659681,3.286662657561597,3.880892609159388,4.496107198654682,5.097060307144637,-5.03,-6.1594,-5.07,-7.1285,2.7241,-25.3,3.13,-4.69,-10.7883,5.48
2001-02,0.6545086185731267,0.7798441289234929,1.037106180084593,1.338216221276503,1.6769864350072465,9.07,6.3589,12.47,9.2309,2.8959,12.57,-10.05,9.1,5.2077,2.83
2001-03,-0.7153504887071689,-0.573591455947255,-0.2848088378598864,0.06729008689460952,0.4905610536754404,3.92,2.6585,6.42,3.7704,2.962,8.55,-7.26,3.35,3.474,2.33
2001-04,2.595091658347305,2.7638853080269157,3.2834032995461957,3.846531799242882,4.430074223597493,-3.2,-5.4515,-4.67,-3.754,-0.9199,-7.9,7.94,-3.06,0.0915,-0.86
2001-05,4.623597016196266,4.916903863404651,5.466863830867861,5.97994315340705,6.498465206249535,1.91,-0.2513,3.36,2.3804,4.3577,2.21,0.72,0.25,-2.5165,3.6
2001-06,1.9467445456191304,2.0676032520378884,2.196917792699473,2.3595788392245653,2.531291940520588,-1.51,1.9723,-1.12,-1.7973,6.711,0.38,-1.94,1.6,-0.806,6.57
2001-07,1.0394704877724759,1.224184649383642,1.7285524176004932,2.2811298317604427,2.872542655941424,3.07,5.5121,5.21,1.3768,-2.1452,5.58,-2.13,7.42,3.8735,-2.82
2001-08,1.6504107456872688,1.8189807267662386,2.125836483391185,2.4119363172574784,2.7164466367537767,6.57,5.6455,2.31,5.641,2.3699,5.53,-6.46,4.05,4.3155,2.71
2001-09,-0.6735188165303361,-0.46664074147762835,-0.23619823862207384,-0.06679197260673653,0.14173185051510567,3.21,5.7667,1.45,2.8644,-4.9253,11.48,-9.25,4.99,9.192,-5.73
2001-10,2.6798434786219327,2.825499354563996,3.088057233273076,3.3406196394703858,3.6125072821534965,-4.55,-0.5555,-7.65,-2.9867,3.4861,-8.47,2.46,-2.98,-4.3754,5.27
2001-11,2.737052224362894,2.875926814979727,3.003597363914227,3.1270013301526047,3.272163567540857,-1.61,-2.9927,2.21,-1.1391,-1.3907,-8.69,7.54,-3.73,-8.4893,-0.31
2001-12,2.675861655483508,2.8339065821867018,3.231699409314143,3.584764963165982,3.9502263954980967,-0.26,-2.257,0.84,-0.1753,5.3201,0.07,1.6,0.34,0.5419,5.16
2002-01,1.7005997687566121,1.6973690243204569,1.6945975224568932,1.9307356130017728,2.3310572424228027,2.84,4.2877,3.44,3.2498,0.7237,3.75,-1.44,4.69,0.3033,1.26
2002-02,2.2799116000119604,2.2771756638935683,2.2748284957696843,2.401152228596101,2.6081895695602455,5.11,3.7643,2.16,4.4456,-0.4922,6.82,-2.29,8.07,5.3235,-0.36
2002-03,5.102294097752699,5.106179890188542,5.109511549395903,5.219935147005436,5.403458857056717,0.58,-0.5528,1.06,0.7761,4.6097,-1.64,4.24,-1.78,-4.7001,4.25
2002-04,3.4778409661157696,3.4730914238635893,3.4690179147460145,3.545302358034791,3.6724917517947873,5.38,4.0819,3.88,4.0731,7.5846,7.63,-5.2,4.56,5.4639,6.72
2002-05,3.0446157509356264,3.045725784762283,3.046677810734184,3.1531451658611,3.3325359774076424,2.44,0.6156,1.53,2.1865,-3.1795,3.16,-1.38,2.36,1.8111,-3.02
2002-06,-1.1723431347103217,-1.1772207138668476,-1.1814031266838918,-1.1397641927119704,-1.0611261798168656,2.51,0.5052,-0.05,3.5485,3.5661,6.03,-7.21,3.93,4.9409,3.89
2002-07,-3.033871265789517,-3.0402501567303784,-3.0457170720174895,-3.0086274831088997,-2.9413623509414175,-0.99,4.9683,-3.85,1.9786,-6.3911,3.77,-8.18,3.79,6.7016,-6.43
2002-08,2.332655467599316,2.333318089768117,2.3338853502253243,2.468171069321341,2.6942306515342307,-1.47,-1.7192,3.28,-0.8574,0.0007,1.9,0.5,1.36,2.5491,-1.31
2002-09,-1.563917628535021,-1.5687072567794158,-1.5728132975865434,-1.4390634274950842,-1.2135614903722103,-2.19,1.1299,1.47,-2.1364,3.12,9.13,-10.35,3.29,4.4049,3.08
2002-10,0.3470462198053982,0.3483999583879639,0.34956149672099157,0.4630340379550969,0.6545130733920225,0.76,1.5123,-3.95,0.2843,-5.1206,-5.58,7.84,-3.39,-4.5614,-4.31
2002-11,1.5566773942147316,1.5607190948182614,1.5641848438835737,1.633570090201828,1.740787043365697,5.15,-3.1022,-1.23,3.2719,1.496,-16.33,5.96,-9.2,-11.1725,2.91
2002-12,3.258864880935507,3.2559884585931944,3.2535214432927275,3.4043882040005626,3.6579790584387304,-1.68,2.2776,2.14,-2.2589,0.0671,9.64,-5.76,6.29,5.3188,0.62
2003-01,0.30842282108977115,0.5445376739360187,1.0383493204990104,1.5107188752956247,1.9778934871361842,0.69,0.7808,-0.83,0.6982,-0.9824,1.55,-2.57,-0.99,-0.589,0.7
2003-02,0.32446306305945594,0.4772750677583327,0.7610651004737691,1.0360390508947448,1.293936060810309,-0.62,1.3997,-1.39,-0.1272,-2.0245,1.17,-1.88,0.83,0.8778,-0.93
2003-03,1.13470832431809,1.5015286667203198,2.157497766671146,2.7553678933068038,3.3423760591114404,-0.77,-0.9347,-1.93,-0.1257,1.4039,1.48,1.09,1.87,3.4092,0.65
2003-04,3.867702558775832,4.005128115486423,4.467039026249354,5.178944583711898,5.886439128286381,1.06,-2.9391,1.14,1.0369,2.3547,-9.33,8.22,-4.68,-4.4513,1.02
2003-05,5.399479122210561,5.634499328335986,6.122171264331379,6.6788147875458295,7.213510306159611,2.91,-1.6245,0.4,1.848,3.8174,-10.7,6.05,-7.0,-8.2331,4.81
2003-06,2.3344643745873417,2.46029706959906,2.6861816582012366,3.0150298226292116,3.363940330279569,-0.38,-0.1291,0.11,-1.0629,2.221,-1.0,1.42,0.51,1.0948,1.66
2003-07,3.5578033139040657,3.8336608172962063,4.313556830836088,4.678776425765788,5.033968238160505,1.78,-0.8789,-1.24,2.3405,4.3762,-0.24,2.35,-4.14,-1.7422,4.54
2003-08,2.9641190819581644,3.083083551377445,3.3511522255884976,3.648667773274964,3.9394719163655147,2.14,-1.6327,1.53,2.3621,2.2397,-0.62,2.34,-2.25,-1.2384,2.48
2003-09,2.5149959391982524,2.6399421846237248,2.864471808745863,3.1009013582452694,3.3299032450662924,0.34,2.3261,0.16,0.2279,0.6889,-0.19,-1.24,1.01,1.2631,0.54
2003-10,4.90220388441244,5.276520735957205,5.96803168567989,6.6866762020814905,7.414241474407493,1.55,-0.5642,1.97,1.031,3.0474,3.99,6.08,-1.35,-1.7507,2.71
2003-11,4.699742615365979,5.035848932565093,6.104759740059898,7.019637271539817,7.942887263864531,1.81,0.5379,1.78,2.3052,2.1957,1.46,1.35,0.19,0.7767,2.33
2003-12,4.2785113603698655,4.610098620707861,5.612385247206677,6.617183633219672,7.637414335711248,0.94,-1.3486,1.6,0.774,-2.7811,-5.57,4.29,0.56,-1.7394,-2.49
2004-01,2.6704779741284193,2.7395172831293926,2.992070008060758,3.245041673729491,3.498432370719199,3.38,0.837,2.49,2.0585,3.1121,2.58,2.15,-3.66,-2.4364,2.45
2004-02,2.7032066993776183,2.779739855014467,3.059207477035224,3.338354193216946,3.617176441035179,-1.21,-0.0152,0.9,-0.8855,-0.3075,-1.14,1.4,2.17,2.1354,-0.93
2004-03,1.1816844805798155,1.2752404949170193,1.617734819557638,1.961202008095298,2.3056442236645616,-0.98,-1.0578,0.27,-0.7352,2.5218,0.17,-1.32,1.56,1.7567,2.1
2004-04,-2.8179133804251943,-2.745099527293935,-2.4786282107558044,-2.211540062239856,-1.9438339336926156,-2.84,1.427,-3.1,-2.9001,-3.2185,-5.38,-1.83,3.45,0.0193,-2.01
2004-05,1.4408551512952772,1.4666870151540154,1.5610910868371008,1.655508169949875,1.7499381799348,0.03,-0.2178,-0.25,0.551,-0.3819,1.5,1.17,-1.18,1.068,-0.38
2004-06,4.4230313953600575,4.547021181483237,5.001216023792212,5.457153297849939,5.9148388451043,-0.39,0.6322,1.18,-0.2618,2.2399,2.05,1.86,1.2,0.5621,2.56
2004-07,-4.103607288300347,-4.020884913897793,-3.71810626968615,-3.4145547546632793,-3.1102289638149316,-1.66,3.0646,3.24,-0.9772,-3.3502,-2.29,-4.06,5.32,2.4066,-2.95
2004-08,0.0625659079954367,0.1187697671453203,0.3243798897064044,0.5303482893129642,0.7366754695822809,-1.47,0.176,0.97,-1.1997,-1.5163,-1.59,0.08,1.23,-1.2272,-1.13
2004-09,3.684067015456637,3.7229720590213553,3.865227678790283,4.007620550341705,4.150150722767108,-1.88,-1.6176,0.0,-2.2121,3.7951,5.49,1.6,-1.49,-0.2123,3.27
2004-10,2.06297745631031,2.1071254247722817,2.2685514652086227,2.4301328066100516,2.591869419515335,0.49,0.0033,-0.22,0.584,-0.7841,-1.38,1.43,-0.52,-1.4399,0.19
2004-11,8.040622125661084,8.473886618570475,10.061775978099211,11.65696627252007,13.259480516411376,-0.22,-1.6565,1.41,-0.4263,4.4728,3.16,4.54,-0.58,-1.1342,4.11
2004-12,4.018765004320928,4.034374598645534,4.091355020907144,4.148239946183634,4.205029198259229,0.46,-1.1293,-0.22,0.3018,-0.0411,-2.87,3.43,-1.16,-0.8598,-0.05
2005-01,-0.10597852707438621,0.43041437010156625,0.7210666110639298,0.9023863692089676,1.2148582581493141,-1.46,1.2576,2.06,-0.4036,-0.3941,3.05,-2.76,2.74,3.2457,-1.17
2005-02,0.8436316136046608,1.6371314010881701,2.3005249672850603,2.9009710875993067,3.5314824729003647,-0.05,0.6662,1.54,0.2917,0.1469,3.37,1.89,1.43,3.5726,-0.31
2005-03,-0.9290458533542387,-0.5387936223234866,-0.48861381035860774,-0.47058702913580586,-0.2943258677616032,1.29,1.8949,2.04,0.9394,-1.7448,0.41,-1.97,0.47,0.535,-1.42
2005-04,-1.7720855429492985,-0.9588613609246575,-0.4517806667128652,-0.0630060902047545,0.21295364698285982,-0.94,2.1604,0.07,-1.4563,-4.4794,-0.69,-2.61,0.97,-1.1019,-3.98
2005-05,0.9427831985376625,1.824715157304553,2.6684296561586285,3.4878313182210308,4.255267665068603,0.3,0.4214,-0.64,-0.0579,2.9656,0.45,3.65,-1.0,0.9641,2.79
2005-06,1.0944867159029503,1.5842086430703808,1.9660782432183468,2.3662457551133467,2.680845843932286,-0.51,-0.4164,2.83,-0.1983,3.8096,2.05,0.57,0.96,-0.4264,3.28
2005-07,2.8023739701840533,3.4377923748890105,4.259416223706087,5.356361807922867,6.422519690461299,-0.82,-0.4054,-0.79,-2.0714,2.7333,0.06,3.92,-1.19,-0.2083,2.81
2005-08,-0.9174679360694158,-0.5743341360412432,-0.061633500725466195,0.32631431509365677,0.7331220008565011,0.37,-0.6039,1.32,0.2355,-0.7913,2.08,-1.22,-2.05,-0.6848,-0.89
2005-09,1.229324253781695,2.188194995366434,3.034451402277462,3.789219057599981,4.4123600768774764,-0.6,0.2637,0.71,-0.0266,0.0044,3.43,0.49,0.27,0.8619,-0.34
2005-10,-0.6630128827883128,0.0704940060135919,0.8791927551902092,1.7218859194454577,2.3849058785005908,-1.3,-0.5498,0.42,-0.3149,-0.5108,-1.39,-2.02,-0.93,1.1011,-1.45
2005-11,4.05787476780467,4.8556354675011955,5.669302670577136,6.533892270287633,7.4505778538137,-1.14,-0.6043,-1.16,-1.0482,1.2182,0.35,3.61,-0.76,0.7751,0.84
2005-12,-0.3287119571782423,0.2664479760468555,0.7233084372421186,1.2725349694336343,1.6697313761355395,0.23,1.093,0.2,0.8804,-0.0336,0.77,-0.25,0.21,0.2287,-0.2
2006-01,-0.5123675035591687,-0.1381761593260475,0.582456583300989,1.3846033125852366,2.2225384152261998,-0.46,0.8783,1.08,-0.6797,6.4413,2.53,3.04,-0.64,-0.2611,5.75
2006-02,1.0673607924940167,1.3808404858540804,1.870173941720428,2.4119543099709944,2.927661198233829,1.91,-1.0257,-0.34,2.4381,-0.395,-1.84,-0.3,-0.51,-0.9978,-0.42
2006-03,2.956078763856377,3.342304517284637,4.000398502380968,4.545461372741903,5.131041902618042,-0.41,-0.7877,0.6,-1.3435,3.1221,1.26,1.46,0.06,0.7652,3.38
2006-04,0.15251477082183695,0.47759002644421267,0.9139559269204117,1.278641780401451,1.6372480140658445,0.01,-0.127,2.34,0.3427,-0.3055,0.64,0.73,1.8,0.826,-0.84
2006-05,-0.8180354224789717,-0.5215541718762291,-0.05336808069403032,0.4744360342690848,1.002388422896569,1.46,-1.5898,2.41,1.3126,-3.5327,-3.7,-3.57,1.15,-0.0785,-2.85
2006-06,-0.2896598946841019,-0.07648605630368144,0.32195473771674565,0.7481324089835263,1.099007459255863,-0.07,0.6316,0.85,-0.3976,-0.336,1.54,-0.35,1.32,1.0467,-0.24
2006-07,0.9635504241191531,1.1496792441989316,1.496363039602655,1.7156411513437058,1.9269659260835907,0.9,3.2046,2.6,1.3479,-3.1594,-2.12,-0.78,1.63,0.5439,-3.63
2006-08,1.9876696917116892,2.287045953114795,2.7933638833773626,3.3478443417752173,3.8638897057225323,2.09,-0.1456,-2.06,1.9253,0.4347,-3.38,2.03,-1.86,-1.3348,0.44
2006-09,1.257477641304549,1.4854714254429962,1.8739146118435184,2.2841072581344593,2.630575577087323,0.6,0.9507,0.08,0.9827,-0.9696,-0.96,1.84,0.82,0.6311,-1.46
2006-10,2.356467384793847,2.5574390024563955,2.905835384051291,3.2534551800541758,3.702304730342253,0.28,0.4435,-0.31,0.1978,1.9782,-0.2,3.23,-0.12,-0.2983,1.98
2006-11,1.2264773463900516,1.5042482189151032,2.07119592609075,2.593529328414011,3.0937458211094153,-0.8,-0.8997,0.14,-1.5945,0.3878,-1.03,1.71,0.15,0.4951,0.71
2006-12,2.3208824776369323,2.69863946013329,3.385849764688321,4.167097849671486,4.973560492791584,2.06,-1.2249,2.73,1.8255,0.0007,0.79,0.87,-0.72,-0.5587,-0.81
2007-01,1.1546236043457463,1.2883452646032592,1.9614726367508122,2.3712839392894662,2.749298411919883,0.38,0.0683,-0.68,0.6262,-0.0989,0.24,1.4,0.25,0.0525,0.07
2007-02,0.34122524761588646,0.3798670461389734,0.834273320573378,1.517042746242561,2.2046745122926064,-0.71,-0.0687,-0.14,-0.9689,1.4242,-1.35,-1.96,-0.51,-0.7332,1.29
2007-03,-0.1696545297130732,-0.0729442468380389,0.49377431294683444,0.8192921913330513,1.128520663796048,-0.65,-0.2037,-0.97,-1.1827,-0.1752,2.56,0.68,0.64,0.4443,0.2
2007-04,1.447736100095272,1.542013352716061,2.1009405655593576,2.6023559217291674,3.1153285157688964,1.03,1.1127,-1.45,0.8508,-1.7361,-0.24,3.49,1.15,0.5382,-2.04
2007-05,1.9574108785715076,2.033496408114143,2.5270369160603314,2.808625217666826,3.155172880788614,-1.36,0.1331,-0.65,-2.3062,-0.2466,-0.34,3.24,1.58,0.5284,0.4
2007-06,-0.3946906108317269,-0.2934225982444968,0.27324418578806886,0.6842353810943894,1.0535340034057765,0.08,-0.5925,-1.05,0.952,0.5408,0.51,-1.96,0.53,1.213,0.74
2007-07,0.975978244118814,1.155735549478365,2.1174841111352154,2.8697918694094997,3.5880970057528665,-1.13,0.0496,-3.71,-2.2506,-3.0422,2.94,-3.73,0.2,1.5445,-2.99
2007-08,-0.15978038046573678,-0.030145095007496292,0.7279124073501491,1.0754296726442663,1.3952044157175196,-0.53,0.4943,-1.86,-1.32,-0.816,0.1,0.92,-1.21,0.9285,-0.37
2007-09,1.4278411118934111,1.5197590287513751,1.998578914019076,2.1750023861563204,2.3705401162655053,-3.02,-0.4745,-2.21,-3.2001,-2.4076,4.63,3.22,-0.52,1.6183,-2.44
2007-10,0.1813842146122771,0.39062085945921005,1.783437479698278,2.6223054978698683,3.4743986551832067,-0.09,0.3453,-2.98,0.4574,0.3772,5.02,1.8,-0.3,1.2267,-0.08
2007-11,-0.3440291968596228,-0.22468742489924343,0.5827112909988788,1.3237554449838276,2.01605231785625,-0.29,1.4361,-0.94,0.1771,-3.0164,0.99,-4.83,1.89,3.5961,-3.02
2007-12,-1.6009667647068868,-1.3679761612671002,-0.16392939623407132,0.6289309552010605,1.3735236039155976,-1.05,1.0642,-0.55,-0.6026,0.6429,6.63,-0.87,0.87,2.3146,0.15
2008-01,-1.3387224969207754,-1.3387224969207863,-1.3387224969207863,-1.3387224969207863,-1.3387224969207863,2.14,-0.8164,3.97,1.3985,-0.7335,-7.75,-6.36,2.14,-0.335,-0.65
2008-02,-3.214544008809975,-3.214544008809964,-3.214544008809964,-3.214544008809964,-3.214544008809964,-0.93,1.36,-0.84,-1.508,-0.8807,6.1,-3.09,0.88,1.8089,-0.66
2008-03,0.8427248276889711,0.8427248276889711,0.8427248276889711,0.8427248276889711,0.8427248276889711,0.5,-0.0305,0.3,-0.3522,0.577,4.27,-0.93,0.79,2.3694,0.56
2008-04,4.388224545103905,4.388224545103883,4.388224545103883,4.388224545103883,4.388224545103883,-2.47,3.3207,-0.94,-2.3209,-0.9301,-0.31,4.6,1.64,-0.8157,-1.2
2008-05,3.160468056976009,3.160468056976031,3.160468056976009,3.160468056976009,3.160468056976009,-0.06,0.0573,-1.43,-0.3475,2.5275,3.31,1.86,0.93,-0.3489,3.02
2008-06,-10.660091521038746,-10.660091521038746,-10.660091521038746,-10.660091521038746,-10.660091521038746,-0.55,1.042,-2.71,-0.1854,1.8781,12.75,-8.44,4.96,6.3701,1.18
2008-07,4.480374767174228,4.48037476717425,4.48037476717425,4.48037476717425,4.48037476717425,1.08,-0.0866,5.42,1.8031,5.9925,-5.13,-0.77,-1.37,-0.0192,3.72
2008-08,4.2679065777861815,4.2679065777861815,4.2679065777861815,4.2679065777861815,4.2679065777861815,0.84,2.0556,1.59,0.9417,1.8626,-4.02,1.53,1.86,-0.9233,3.46
2008-09,2426.589547801871,2426.589547801871,2426.589547801871,2426.589547801871,2426.589547801871,1.78,3.451,5.91,3.1609,0.6623,0.28,-9.24,2.41,1.6471,0.25
2008-10,-17.911943330158504,-17.911943330158525,-17.911943330158525,-17.911943330158525,-17.911943330158525,2.05,6.7419,-2.3,1.0392,-3.4778,7.85,-17.23,3.04,5.8889,-3.34
2008-11,-9.150169150944057,-9.150169150944057,-9.150169150944057,-9.150169150944057,-9.150169150944057,2.75,2.2205,-6.31,0.5016,-5.2251,7.17,-7.86,4.53,3.5054,-3.89
2008-12,4.830098375585945,4.830098375585967,4.830098375585945,4.830098375585945,4.830098375585945,-1.49,-0.7984,0.14,-2.3563,3.5804,-5.09,1.74,0.06,-0.6256,3.29
2009-01,0.9284107879287128,0.991923509744952,1.1217094919977688,1.2393081424892038,1.3154534843154986,-1.17,2.4443,-11.29,-0.9195,-2.9404,-2.18,-8.12,0.18,-0.7397,-2.14
2009-02,-3.3465777992255927,-3.2057622962391683,-2.8132490812738618,-2.4018258610845398,-2.005643378242917,-1.02,2.997,-6.95,-1.8632,-1.6061,4.41,-10.1,1.19,2.9127,-1.32
2009-03,6.5305804358739765,6.909151835798298,7.979515103904264,9.067639159572536,10.152139870240948,-2.25,0.0621,3.47,-0.4563,0.958,-11.87,8.95,-2.52,-3.3319,0.67
2009-04,3.2989681294319553,3.7483962795210144,5.061847308469901,6.379795635904072,7.675490016461394,0.13,-1.9211,5.36,3.5317,7.3504,-34.3,10.18,1.31,-13.9902,7.13
2009-05,3.747681509783396,3.9109533353026698,4.319153821796884,4.717723454537226,5.140497102984765,-2.17,-0.587,0.28,-2.4121,-1.337,-12.49,5.21,-0.78,-3.2921,-2.32
2009-06,3.6687458360875826,3.730307307483093,3.9453218668039183,4.128405668271506,4.3069345617306345,-0.33,2.5897,-2.73,0.4848,3.7792,5.48,0.43,-1.41,0.9567,2.29
2009-07,3.8265031660965385,3.915286426213237,4.115557971503358,4.342765792229363,4.612156222910423,3.14,-1.0228,4.83,2.0193,1.6803,-5.55,7.72,-0.46,-4.9457,2.39
2009-08,1.7198758257670244,1.8727510722844387,2.336950773713763,2.7799208742643735,3.2087576801744557,3.34,-1.5559,7.63,2.2891,0.8741,-9.07,3.33,-3.02,-2.5812,-0.09
2009-09,3.175183227745281,3.3076510213367873,3.7347194436187383,4.145872741483169,4.549525188840685,0.36,-2.6452,1.05,-1.1383,2.4775,-4.79,4.08,1.31,-2.7953,2.73
2009-10,-3.228011558066879,-3.1755213788876357,-2.954455372557496,-2.751752976092625,-2.5296344285565597,-1.51,2.9368,-4.21,-0.2528,-4.6208,2.61,-2.59,4.17,3.9382,-4.93
2009-11,0.3324402153009886,0.3520126552004177,0.4983358947638239,0.5945337315094612,0.6504358137033428,0.12,-0.3241,-0.34,-0.3339,-2.3874,0.3,5.56,1.0,1.0111,-2.68
2009-12,3.5866072803776063,3.789719967349158,4.340645092925687,4.897173822707267,5.465361862737227,-0.09,-0.126,-0.17,-0.1381,4.839,3.01,2.75,1.02,-1.8542,6.24
2010-01,-1.9076797638592824,-1.1454135768323326,-0.435091658681408,0.3706747123245923,1.141579447323582,0.46,-0.6848,0.43,0.6653,0.3824,-5.4,-3.36,-1.27,-1.0677,0.34
2010-02,2.6138997503413197,3.098196816882126,3.6376528937798858,4.213459327566427,4.665590831867417,1.43,-0.5169,3.23,0.703,1.5068,3.74,3.4,-0.27,-1.0406,1.51
2010-03,3.486130827066546,4.845129086897359,6.131329485424607,7.321065208991605,8.726686919514792,1.69,-1.6988,2.21,1.6201,2.0311,3.76,6.31,-0.65,-0.5102,1.85
2010-04,1.8628955179549755,2.8755575555182484,3.8810044294458104,4.905238779026443,5.889365718348815,1.72,-2.3485,2.89,3.063,3.8994,3.16,2.0,0.69,-2.4885,4.98
2010-05,-1.8408289822181467,-1.476325284824055,-1.2146718431919512,-1.0244678786948358,-1.003180089396195,-0.21,1.741,-2.44,-0.4777,0.0538,-0.25,-7.89,1.3,2.7377,0.04
2010-06,-1.9522967902171016,-1.9776602130712209,-1.9699825426037332,-1.982674359485049,-2.0910587224923347,-1.55,1.9119,-4.7,-2.491,-2.3833,-2.76,-5.57,-0.16,1.3467,-2.47
2010-07,2.1647280280228545,2.4779877250665763,2.6785088125035985,2.8903638422370195,3.181101011414377,2.01,0.3729,-0.31,1.2168,0.4861,1.88,6.93,0.24,-0.8604,0.12
2010-08,1.0516740042285189,1.4360494653325329,1.7547369488673403,1.9933712462628195,2.043359391496157,-1.59,-0.7079,-1.9,-1.7234,-3.6733,-0.06,-4.77,0.53,-0.5062,-3.15
2010-09,3.4304429717413756,4.355805851859062,5.4895027790672115,6.653389665944042,7.492004511340199,0.38,0.0709,-3.16,1.142,3.9594,1.41,9.54,-0.21,0.509,3.75
2010-10,1.9301631712855805,2.7194929943118,3.499319969842362,4.309844282171537,4.9417265776341415,-0.26,0.4586,-2.43,-0.0223,0.6988,1.58,3.88,1.19,0.6453,0.8
2010-11,2.9160467367737244,3.2487702628013473,3.5353379504373663,3.9875560592969923,4.594164419026824,1.59,-0.6143,-0.96,1.8646,3.6452,2.66,0.6,0.45,-0.0799,3.67
2010-12,3.545439615763745,3.8274710841974744,4.141143386632339,4.405357213861571,4.645098575067163,3.16,-2.2361,3.7,3.0162,0.4526,-3.03,6.82,-3.44,-3.6797,1.03
2011-01,0.0719872419575817,0.0616319922975827,-0.2718419280823847,-0.8026448650792062,-1.1418470063953812,0.83,-1.3043,0.83,1.2925,-1.9958,-0.29,1.99,-0.76,0.5331,-2.43
2011-02,1.058167003621423,1.1209590730189,2.3017881143733367,3.3503533704503092,4.455407251876363,0.88,-0.8408,1.27,1.442,1.3851,1.99,3.49,-1.94,-1.648,1.65
2011-03,-0.4696796240677991,-0.4245007329802164,0.3617363633755965,1.1807296971376935,2.0660337828430677,-0.03,0.3227,-1.83,-0.1315,1.852,3.4,0.46,1.76,-0.9575,2.62
2011-04,4.496472463977796,4.510910451962924,4.676278125829492,4.594662442293962,4.676459405967615,-0.8,1.1108,-2.43,-0.9779,-0.878,0.04,2.9,1.01,1.5871,-0.55
2011-05,-0.1044276910425412,-0.0931403432127275,0.2188978962100352,0.7199707959334889,1.013370357906429,-1.59,1.3826,-2.12,-1.0351,-0.8588,-0.62,-1.27,2.08,0.1308,-0.63
2011-06,-2.107134070841754,-2.0838634705362846,-1.4141741326978985,-0.7634626775096964,-0.1869068308774979,-1.53,1.0009,-0.42,-1.1515,0.4599,1.78,-1.75,2.49,2.8113,0.16
2011-07,-0.0591248550247835,-0.0110734676824986,0.8519696173763247,1.19122785794894,1.4138070213525422,-1.81,0.6584,-0.9,-2.0383,-1.7834,0.18,-2.35,2.68,0.7486,-1.2
2011-08,1.4749007210395282,1.5443996223949197,2.9920791675260174,3.7317647141006374,4.031002376148884,-0.38,2.7071,-2.36,-1.3168,-3.7375,-0.28,-5.99,3.3,2.5889,-3.2
2011-09,-1.656769058255203,-1.620747637374731,-0.7255152209596827,0.5367273860255262,1.5017631098433126,0.24,4.899,-1.72,0.0766,-4.7737,-2.42,-7.59,2.04,-0.7641,-3.66
2011-10,3.4385589958522367,3.4391919082219724,3.138451914372875,3.0554069866851163,3.308161566789658,-0.86,-1.7028,0.1,-0.5881,5.1842,-1.43,11.35,-2.16,2.1402,3.46
2011-11,0.9515758362892868,1.0161467738250218,2.196298508429284,3.251788314504256,4.031797469373943,1.49,1.2225,-0.46,1.5253,-1.1385,3.84,-0.28,1.86,0.5804,-0.28
2011-12,1.4792370682408684,1.4852236650488626,1.7334530064593068,2.344208781557944,3.0816373488117277,2.52,-0.5716,1.63,2.6695,0.1386,1.81,0.74,0.98,1.1493,-0.33
2012-01,2.6938531580567915,3.803527515129357,4.925077187011917,6.050050342502256,7.258507071127118,-1.43,-1.3395,-0.97,-0.574,2.7798,-7.91,5.05,-2.01,-0.6313,2.06
2012-02,0.9126314050711182,1.5648615738514282,2.2585633177504727,2.94341308302708,3.793847205478218,-0.01,0.0238,0.43,0.0789,-0.6691,-0.29,4.42,-0.48,0.2919,-1.71
2012-03,1.973460294123086,2.8639098697327947,3.583581327038976,4.197873878105507,4.750180337630061,0.74,1.8088,1.14,1.4304,0.7263,1.3,3.11,-0.54,1.6789,-0.47
2012-04,0.8985929296884798,1.1009622560833376,1.6070989977746253,2.208260239249893,2.791471127500622,0.65,-0.3846,-0.78,0.8585,-1.0996,3.75,-0.85,1.3,1.0202,-0.55
2012-05,-0.1930127111648316,0.5446458791706232,0.9988773396810469,1.4686352884025078,1.7736631964444738,2.31,2.3605,-1.07,2.6809,-0.8812,6.49,-6.19,2.08,1.6079,-0.12
2012-06,3.426043372635723,3.749885602957148,4.178170444631091,4.494326455490194,4.844113698962738,0.46,0.3509,0.62,1.0217,1.4974,-1.06,3.89,-1.09,-1.7619,0.84
2012-07,2.1146031469981175,2.5881802807534937,2.9093477326905592,3.1930463297382916,3.498498614213408,0.05,0.9808,-0.02,0.5093,-3.0848,3.04,0.79,1.1,1.5194,-2.78
2012-08,0.9430985391355218,1.4997741267049214,1.9485375820305728,2.450465420099145,3.002548344675059,-0.84,-0.3883,1.3,-1.4664,1.4204,-2.37,2.55,-1.33,-0.5072,0.44
2012-09,2.1356535415213864,2.621112158749871,3.266508901168085,3.9893001217992543,4.499543526461535,1.55,-0.6925,1.6,1.2038,1.1701,-1.14,2.73,-1.49,0.1979,0.61
2012-10,0.2076907459237487,0.955529111464325,1.3102123397869414,1.673821752250969,2.0456012311867546,2.5,-3.7218,3.59,1.8508,0.2241,0.14,-1.76,-1.34,0.4723,-0.89
2012-11,0.059594907529379994,0.6728236667982379,1.1855090016396497,1.7439199106870074,2.1653420213810106,0.84,0.1868,-0.84,0.7994,0.3716,0.49,0.78,0.6,1.7203,0.46
2012-12,-1.0922770472751708,-0.1829689238940124,0.7800206832482715,1.6871444261619784,2.494567241220812,0.91,-2.6235,3.51,-0.8369,2.4277,-2.86,1.18,-1.85,-1.9895,1.89
2013-01,3.694284670794024,3.991957587634931,4.371094605965542,4.738073008821564,5.09173327982273,1.41,-1.6667,0.96,1.5622,0.1975,-1.79,5.57,-1.93,-2.0267,0.48
2013-02,1.7751087639133134,2.144062482226716,2.660078302923341,3.156452979307045,3.643314659738661,0.52,0.438,0.11,0.7303,-0.621,1.29,1.29,-0.67,0.0662,-0.25
2013-03,4.047968406646585,4.424781902773756,4.93343690777488,5.419276210964896,5.918498328177502,1.38,-1.1605,-0.19,1.292,1.0729,1.92,4.03,0.14,0.5017,0.85
2013-04,1.1315670706997905,1.4922292014245775,2.001949194172581,2.4872056505935936,2.938088426354679,0.37,-0.2802,0.45,0.1008,-2.8649,0.22,1.55,0.27,-1.049,-2.25
2013-05,2.407728680321708,3.066770832291077,4.008334569201022,4.999751477528247,6.057043863769929,-0.87,-1.411,2.63,-1.6629,3.5114,-2.02,2.8,-1.97,-0.4309,2.06
2013-06,-0.4587094509767242,-0.0763005054090659,0.4001839662202355,0.8265678437776813,1.2190423002474526,0.0,0.5336,0.03,0.7117,0.7559,0.52,-1.2,-0.38,-0.1152,1.57
2013-07,5.571784645287914,6.041854498615873,6.719060555971379,7.424184498767605,8.12826420390611,0.51,-1.1004,0.57,0.6492,2.096,1.76,5.65,-1.35,-0.4789,1.81
2013-08,-2.741973930229047,-2.294197718417146,-1.716191076465856,-1.1311963649328405,-0.5403192111249511,-2.16,0.1682,-2.69,-1.7886,-0.2103,0.02,-2.71,0.66,0.5747,-0.06
2013-09,4.6281100027088184,5.151196171149275,5.866109995089319,6.592847208283259,7.305301506056816,-1.36,-1.0177,-1.22,-0.7386,2.4501,3.06,3.77,-0.58,-0.9744,2.63
2013-10,3.4265268601789245,3.6446960128221577,3.956201826615535,4.246459593634588,4.46288746911625,0.87,0.7823,1.25,1.1612,-1.6177,0.08,4.18,2.78,1.337,-1.48
2013-11,4.079664134039129,4.549743820772467,5.196400725072325,5.82538898784275,6.454345424729979,0.04,1.2051,0.32,0.0148,1.9293,0.44,3.13,0.14,1.5473,1.41
2013-12,2.3061989416926165,2.770927755432284,3.3992691437501055,4.023473808894518,4.638171354397502,0.09,-1.7385,-0.02,0.7392,-0.4381,0.02,2.81,-0.46,-0.1739,-0.45
2014-01,0.4194814216337494,0.8243202138742411,1.1755708348957006,1.4247073449888736,1.6154878390130856,-1.42,0.3524,-2.07,-0.2918,0.3303,1.71,-3.32,-3.88,-2.3112,0.58
2014-02,2.6823206932802934,2.947974254131669,3.263121163145044,3.614028883705634,3.9540886189331825,-0.45,-0.0127,-0.31,-0.6297,-0.3064,2.07,4.65,-0.23,-1.4762,0.14
2014-03,0.8991397314076499,1.1725041898670074,1.7224026806282433,2.2552958936934875,2.8194282583658747,1.92,1.5414,4.93,2.7038,-0.1623,-3.29,0.43,2.13,1.7701,-1.09
2014-04,1.292164978143462,1.4186570735527315,1.861633722471745,2.270637752954796,2.6489230663647056,1.02,0.6944,1.17,0.8015,-4.6866,-3.89,-0.19,3.48,1.0756,-4.12
2014-05,1.5576199441855731,1.815597417559678,2.277936024927274,2.830920316955665,3.387084536874574,-1.0,0.5021,-0.13,-0.9378,-2.0366,0.87,2.06,0.05,-0.6562,-1.89
2014-06,1.236600726912651,1.5323388384490988,1.7609030094481335,1.9961409155339949,2.2234689466851254,-2.0,0.2611,-0.7,-2.6584,2.2426,0.69,2.61,-1.89,-2.5842,3.11
2014-07,-1.4827953897139643,-1.492834196671322,-1.6665366624646238,-1.8468629199379083,-2.0372996479925187,0.52,1.2336,0.03,0.7158,-3.5626,-0.12,-2.04,0.89,1.1954,-4.29
2014-08,3.3378278616614576,3.9025288993607576,4.654947403401888,5.399179135895693,6.150385567408434,-0.7,0.233,-0.45,-0.9247,0.4495,0.82,4.24,-0.64,0.1376,0.31
2014-09,-1.3901220865545016,-1.0364202042960846,-0.6772204246209501,-0.288019594294886,0.1137810968424579,-0.51,2.1813,-1.34,-0.3101,-3.1026,0.5,-1.97,1.3,3.0633,-3.72
2014-10,2.967826320243594,3.392774606663873,3.815038247780289,4.22069903765101,4.610332193450617,-0.11,-0.1556,-1.81,0.5283,3.6151,-0.06,2.52,-0.57,1.6899,3.73
2014-11,2.503106308495795,2.8667852034875763,3.158930257364445,3.511759270756065,3.886142678691829,0.27,0.4493,-3.09,0.3424,-1.9772,0.69,2.55,1.5,2.5253,-2.28
2014-12,1.377971738172934,1.8244040682479536,2.218958748916866,2.6461600091612025,3.1115333842211657,0.96,0.2993,2.27,0.4723,2.7694,1.12,-0.06,-1.22,-0.6556,2.86
2015-01,-1.9118789938992076,-1.6952057607686366,-1.185509059942591,-0.6491375792148424,-0.0283651620173519,-1.65,1.4078,-3.58,-1.0729,-1.5792,3.84,-3.11,1.61,-0.3707,-0.92
2015-02,2.7223893592934756,3.318992996692427,4.423439560301734,5.25418755678233,6.011258452278678,-1.82,-0.9756,-1.86,-1.3938,0.816,-2.82,6.13,-1.12,0.0837,0.32
2015-03,0.4793902667301397,0.7684270345830857,1.2622144445268102,1.7967784350146454,2.234370092813731,-0.52,-0.0421,-0.37,-0.2615,2.8163,2.74,-1.12,0.09,0.8338,3.07
2015-04,0.8581478047118063,1.356929142686858,2.3046411999606997,3.1033827377128453,3.686703198984586,-0.61,-0.2287,1.82,-0.8011,-3.7918,-7.27,0.59,0.06,-2.1972,-3.09
2015-05,1.5784136248152336,1.8193461331165397,2.1483163025737273,2.5325594243926552,2.9653332817771716,-0.74,0.2946,-1.14,-0.612,1.735,5.82,1.36,-1.79,1.4466,0.83
2015-06,-2.2008297713029035,-1.7726529745065278,-1.0550050346347373,-0.2296661338708761,0.4748636486246349,-1.58,-0.7174,-0.79,-2.4461,2.8606,3.01,-1.53,0.44,1.2477,2.9
2015-07,1.3479981861446388,1.523596959280238,1.7087560319373196,1.9549213170976465,2.458090657098833,-2.41,2.583,-4.13,-2.7296,-4.0748,9.98,1.54,0.3,4.3509,-4.55
2015-08,-2.6905912013229005,-2.367953098909348,-1.8033384140189068,-1.3832237196540031,-0.9960592288534742,1.19,0.2619,2.77,1.1632,0.5006,-2.09,-6.04,0.68,0.7598,0.25
2015-09,1.01012619239651,1.3105054625821566,1.759424108709684,2.115242270729434,2.484574282196838,-0.58,3.4773,0.56,0.3072,-3.3796,5.22,-3.07,1.77,4.2729,-2.79
2015-10,1.3564062485778905,1.5549714832856942,1.9410537484624737,2.3484583261311753,2.79845429186798,0.52,1.0362,-0.46,0.6524,-2.7651,-3.28,7.75,0.88,-2.314,-2.07
2015-11,3.5415997064010885,3.652905876084711,3.849322393016541,4.078600901197138,4.344936672922284,-0.99,0.4651,-0.42,-0.5479,3.4655,2.28,0.56,-2.75,-1.7097,3.31
2015-12,-0.3702884531384798,0.0186514618881295,0.7404725520109723,1.4552670786869937,2.0542222113208988,-0.02,3.3336,-2.61,0.328,-2.0946,3.36,-2.17,0.5,2.9435,-2.99
2016-01,-0.2804041330033768,0.1427473050371819,0.582483628689533,0.8793770047183391,1.0240372575722734,3.08,4.7834,2.09,2.7736,-2.8171,1.44,-5.77,2.82,5.3293,-3.47
2016-02,1.7129989938460688,2.2420235440619973,2.7163495626679945,3.218794922745103,3.603042377677743,2.02,-0.1345,-0.57,1.7188,0.4861,-4.38,-0.07,3.25,2.0303,0.88
2016-03,6.093852023705269,6.812240040039839,7.3284800707584346,7.923183229244899,8.63196652395368,-0.08,-2.7531,1.19,-0.7057,1.0386,-5.01,6.96,0.77,-2.1273,1.07
2016-04,0.8787504916149869,1.6156681975583165,2.3652780769476403,2.9997001501295797,3.6284904766976203,1.9,-5.236,3.28,1.2916,0.1069,-6.02,0.91,-2.97,-7.2338,1.23
2016-05,2.616891149674382,3.24850010575941,3.9257564667460656,4.308525659798556,4.653928888301694,-2.48,2.2551,-1.66,-2.2596,-0.501,1.42,1.78,-1.09,0.9368,-0.61
2016-06,1.843346643894337,2.24383811857096,2.771124643503151,3.2034513375516416,3.658867062471136,1.94,-0.8264,-1.48,0.4911,-0.3369,4.13,-0.05,1.4,0.273,0.45
2016-07,1.4370327138704986,1.9770502318231056,2.6171981328006777,3.2640094548741705,3.898956231123105,-1.18,2.2562,-1.32,-2.1903,2.3302,-3.34,3.95,1.26,-0.5211,2.48
2016-08,-0.1750512242189827,0.2303171529127934,0.7961545861095964,1.1932718134737041,1.659432336159392,-0.34,-0.3905,3.18,-0.2318,0.9735,-3.49,0.49,-1.85,-2.3925,1.68
2016-09,0.3997580787974386,1.312444335305527,1.9336291588304169,2.2214500365872447,2.5624519513908406,0.03,-0.9288,-1.24,0.2096,1.0162,0.19,0.25,-2.21,-3.078,1.85
2016-10,-1.6481613445376153,-1.318477661061148,-1.2261285565075908,-1.1525097630176195,-1.000363760708447,0.28,2.029,4.09,0.869,-3.4301,0.59,-2.02,0.93,3.0152,-4.02
2016-11,3.154884994956774,4.524948645883641,5.5901464314667795,6.658255512613319,7.682606768514177,3.7,-2.5338,8.21,2.978,6.5782,-4.62,4.86,-0.18,-0.971,7.07
2016-12,2.0189445947809994,2.3855224156051205,2.788949480720212,3.140605778429958,3.4529527298016363,-0.23,0.8248,3.53,-0.2455,0.6324,-0.26,1.82,1.22,1.5371,0.41
2017-01,0.5540290844989704,0.7681085947355681,1.0769136713493175,1.4230637185244266,1.623424152135784,-0.99,0.6337,-2.75,-2.0241,-1.8672,-0.93,1.94,-0.49,-1.3102,-1.46
2017-02,2.4291627972728502,2.7264223783116837,3.26262325322368,3.793375445440468,4.1840093455652605,-1.83,2.4684,-1.67,-2.2401,-1.6698,-1.65,3.57,0.47,2.0078,-2.22
2017-03,1.6573665371251567,1.939559519031394,2.4537605112180363,2.999433549682703,3.710170719981939,-0.94,1.2334,-3.35,-1.2934,1.2536,-1.02,0.17,0.61,1.9001,0.74
2017-04,1.0982074169910427,1.3714950632930323,1.7598412032626631,2.1043713011366485,2.3335089255304533,-1.6,1.6603,-2.13,-1.5686,0.6004,0.48,1.09,1.9,1.0154,0.48
2017-05,1.565678524950258,1.995335129615754,2.4200980725179,2.871717388389976,3.407451780622577,-1.79,2.6916,-3.78,-1.559,-2.572,1.48,1.06,0.95,1.3157,-3.06
2017-06,1.040177706825356,1.4166751354065688,1.948993275567672,2.442688756178384,2.972505506998917,0.0,-1.8834,1.48,-0.5345,3.0521,-0.09,0.78,-2.22,-1.3137,2.58
2017-07,0.6750781726290989,1.1598203858642997,2.010275430799117,3.0035640023074275,3.9695675541213373,-0.2,1.0232,-0.31,-0.4273,-1.1238,1.68,1.87,-0.64,1.5286,-1.69
2017-08,0.3163472771999254,0.9476720456528377,1.8937984915342718,2.729790958950508,3.3700831763054175,-2.38,1.5301,-2.09,-2.8801,-1.456,3.26,0.16,0.14,0.3901,-1.82
2017-09,1.143892383683055,1.4882191022051472,2.0323154291422076,2.5612246427840226,3.1334845128622737,1.69,-1.7837,3.14,3.1398,4.9094,-1.32,2.51,-1.47,0.4385,4.78
2017-10,1.2498169736493325,1.6377498285082959,2.1525325711964873,2.5977734455663217,2.950614879689252,-3.25,2.8967,0.2,-3.3035,-1.3341,4.27,2.25,0.93,1.3832,-1.94
2017-11,2.026248634963004,2.4377596803176216,3.0029446186472653,3.3626227466745506,3.825920065586787,-0.05,1.165,-0.03,-0.4945,0.2127,-0.87,3.12,3.16,1.8841,-0.33
2017-12,1.1807487759068491,1.7452750423510368,2.399669954957319,3.0140315519476726,3.582544669499778,1.69,-1.0643,0.06,1.7408,-0.9107,-1.54,1.06,0.74,0.3386,-1.07
2018-01,1.0379206955506515,1.0379206955506293,1.3090222230654236,1.4553265411350136,1.6181622894000913,-0.96,2.5698,-1.29,-1.2905,-2.7667,4.05,5.57,-0.76,-1.2835,-3.18
2018-02,-2.017614403887648,-2.0176144038876362,-1.7614440764336725,-1.6201481928967765,-1.4859643936275935,-2.37,4.466,-1.04,-1.6974,0.183,3.58,-3.65,0.52,-0.7709,0.32
2018-03,2.0538079365660535,2.0538079365660757,2.330739213830945,2.67511861055466,3.0247638939598356,0.01,0.463,-0.21,-0.1097,2.8019,-1.13,-2.35,-0.46,0.1504,3.59
2018-04,0.6518158104179396,0.6518158104179618,0.9137352737523431,1.1722515150188584,1.4407691993468652,1.3,-0.8221,0.54,1.586,0.2757,0.36,0.28,-2.42,-0.0324,0.93
2018-05,0.8258159756695815,0.825815975669604,1.1995291168679656,1.6372415462372403,2.1312992081515447,-1.5,2.3324,-3.2,-0.9636,4.9641,3.89,2.65,-2.04,-1.7547,4.73
2018-06,1.5075607130127522,1.5075607130127966,1.7661509460599478,1.997698514174513,2.224890452848689,0.24,0.0872,-2.34,-0.3929,0.6134,-2.35,0.48,0.79,1.4065,0.8
2018-07,1.1822441682890086,1.1822441682890086,1.4300188999039334,1.617956335068165,1.8233280994615564,0.35,1.4064,0.47,0.4681,-1.3017,-1.41,3.19,1.56,1.9791,-1.93
2018-08,-0.9803752961711608,-0.9803752961711275,-0.7251450163849492,-0.45956377873820986,-0.1973372208720357,-2.7,4.167,-3.94,-2.4129,1.5016,5.29,3.44,-0.31,0.3628,0.64
2018-09,-1.427224642255137,-1.427224642255148,-1.2421974988326365,-1.1690648608158216,-1.112379412495995,1.29,0.9718,-1.7,1.45,-3.1009,0.04,0.06,0.63,0.7193,-2.48
2018-10,-1.9452459540390863,-1.9452459540390752,-1.6922882603475728,-1.577321165641775,-1.4653261949627114,3.59,-0.7543,3.4,4.1724,-4.7513,-1.99,-7.68,0.94,1.2653,-4.46
2018-11,2.995137662948124,2.995137662948124,3.2161191875504502,3.360357116105453,3.4921975848363895,0.39,2.7784,0.3,-0.9826,-0.7807,-1.37,1.69,-0.55,0.6932,-0.77
2018-12,-5.209646448288397,-5.209646448288397,-4.853662697932015,-4.641578042561211,-4.459768525823049,0.21,2.4925,-1.84,-0.8421,-3.0346,2.11,-9.57,-0.02,1.2754,-2.88
2019-01,4.3967839217148965,5.358645015094242,6.145900471557874,7.073099226386547,8.125521523551214,-1.51,-7.1445,-0.46,-0.9971,2.0507,-8.68,8.4,-0.8,-3.9593,3.03
2019-02,2.098741739383272,2.791651759654148,3.515351581714168,4.198448566225801,4.949727284002406,-1.59,1.3807,-2.67,-2.5881,1.1925,0.86,3.4,0.12,0.527,1.74
2019-03,2.5218345946332,2.9378864995408773,3.326322925085036,3.720317987682066,4.040369027657765,-0.95,0.6648,-4.17,-0.4832,-3.4388,2.21,1.1,0.9,0.0942,-3.51
2019-04,1.5858640845357144,2.102430827405265,2.3928101449699914,2.6651971446046687,2.932462663161627,-2.22,1.0612,2.15,-2.4268,-0.2524,-2.97,3.97,1.61,1.8378,-1.17
2019-05,-0.1835695228476385,0.4494560485529755,1.142657789422285,1.686992979540291,2.201154659090964,1.77,0.171,-2.37,1.5221,-1.9174,7.56,-6.94,-0.46,0.6472,-1.59
2019-06,3.595633677390444,3.9480660992645267,4.222983209606615,4.4776180612403875,4.67504798012133,-0.44,-0.4102,-0.71,-0.2681,-0.43,-2.3,6.93,0.9,-0.1339,0.37
2019-07,1.6474987033551671,2.484533658389522,3.054205566902969,3.6865076432106583,4.320561859564421,0.36,1.3001,0.48,0.1745,-1.6351,2.89,1.19,-0.08,0.4834,-1.78
2019-08,1.4641208945193096,2.351295350086362,3.411074153727305,4.379251797296839,5.218783328570535,-0.68,1.5138,-4.78,-1.0153,-4.209,6.92,-2.58,0.56,1.8765,-3.24
2019-09,0.43249970098633533,0.30575442286027393,0.07943472465388418,-0.12086365598937598,-0.3135860175895376,3.37,-1.8618,6.75,2.9758,1.4364,-6.81,1.43,1.84,1.7112,0.27
2019-10,0.24660674798587148,0.6439724240192836,1.0351679373772398,1.3697891034293577,1.7837563043739562,-0.96,1.9432,-1.91,-0.6405,0.823,0.15,2.06,0.44,0.8396,0.26
2019-11,0.829400727512395,1.5805228212999323,2.5987207375751753,3.611275589029259,4.622095579340688,-1.24,-0.6352,-2.02,-1.0307,0.0017,-2.66,3.87,-1.59,-1.3054,0.44
2019-12,2.9477804168385924,2.9815832207781123,2.8492665598370004,2.753596224859962,2.7281393566642342,1.24,-0.7662,1.75,1.8016,1.3017,-1.77,2.77,0.01,-1.2858,0.97
2020-01,-2.273061494750087,-2.109695525729519,-1.3945214027204087,-0.6745091580326911,0.024688576821548902,-2.32,2.4581,-6.25,-2.3964,-4.7449,5.98,-0.11,-1.17,-0.4568,-4.38
2020-02,-8.806471458130828,-8.622901900778524,-7.818841082362318,-7.008622376956977,-6.200785596192295,-2.51,1.5515,-3.81,-2.2206,-1.3723,-0.4,-8.13,-1.47,-0.4626,0.04
2020-03,-19.109866283575617,-18.95500424313581,-18.27735807483333,-17.595626688522817,-16.963759213712105,1.24,11.9071,-13.87,2.1202,-8.4075,7.97,-13.39,-1.57,5.8395,-8.28
2020-04,17.07258766038342,17.2026587168979,17.769934431492395,18.337547698747404,18.975730934349897,-1.0,-2.7459,-1.33,-0.1436,3.3984,-5.23,13.65,2.72,-1.9135,2.56
2020-05,6.7806830149101485,6.979570042660742,7.8489845119397375,8.722196974799656,9.603901695721893,-3.26,0.7014,-4.88,-3.7099,2.4777,0.43,5.58,0.95,-0.6115,1.97
2020-06,2.991034668642966,3.129574054635719,3.734121023846514,4.339574577113802,4.944381496459792,0.54,1.6956,-2.2,0.2574,2.2921,-0.73,2.46,0.09,1.1653,1.96
2020-07,4.849351158952752,5.099050065032972,6.192991857670748,7.2956669424209855,8.405197677799968,1.02,1.3992,-1.41,-1.3813,-1.2545,7.61,5.77,0.41,3.3555,-3.2
2020-08,5.062199583168491,5.244777739544259,6.042821696764688,6.844227941360747,7.6458414701749735,-1.19,-1.6697,-2.97,-2.9853,-2.0267,0.55,7.63,4.28,-0.7089,-0.89
2020-09,-3.3301084314126825,-3.1663091990781442,-2.450409070807514,-1.7315937077892596,-1.032190948258617,-1.85,0.8072,-2.71,-2.5136,0.592,3.12,-3.63,-1.36,1.1375,0.01
2020-10,1.3797281605243616,1.4377555456450908,1.6898674810218883,1.940562120765409,2.169278712040578,-0.78,0.0726,4.25,-0.4067,2.6025,-3.05,-2.1,-0.83,-2.6512,4.64
2020-11,18.647610937070922,20.24974727347297,27.229779613841938,34.20059865053333,41.26100610074302,1.4,-9.8294,2.09,3.1876,4.1354,-12.43,12.47,-2.2,-14.3089,7.11
2020-12,6.202585646373148,6.295031131358541,6.697771811477126,7.100034532746745,7.531167040789465,-0.12,-1.0062,-1.51,-2.7157,4.2013,-2.32,4.63,-1.96,-4.1575,4.79
2021-01,2.196750990960238,2.9289440580785744,3.73889836447192,4.654404537368583,5.612818214036629,4.94,-7.1561,3.01,6.4987,8.2266,4.5,-0.03,-3.78,-1.9992,6.94
2021-02,0.0359190642128526,0.6572626084569766,1.3059647479963132,1.9542059417014144,2.6522782452216065,-1.94,-5.6844,7.15,-0.6657,4.3707,-7.89,2.78,0.39,-6.1829,4.54
2021-03,4.561918708690893,5.182485150658089,5.875959944485709,6.5520786442432755,7.262205268203536,3.42,-1.4957,7.39,4.6803,-0.6519,-6.14,3.08,6.36,4.4253,-0.88
2021-04,3.090216397719181,3.658639171117839,4.115400959762527,4.515820761562805,4.968794742928906,-2.7,2.1599,-0.95,-3.3593,-3.0234,1.16,4.93,2.44,2.2228,-3.16
2021-05,0.8196066248743028,1.4755496878424257,2.187266895904716,2.8197030670352063,3.619619651949435,3.04,-1.5652,7.09,4.4315,1.5281,0.88,0.29,2.45,2.5653,1.22
2021-06,2.0423757680226418,2.5966274614587004,3.0742491075506084,3.5979672514468763,4.061394008944519,-0.94,3.6784,-7.87,-2.5541,-0.1273,2.2,2.75,-2.14,-1.2674,-0.34
2021-07,1.5937163857073555,2.110369170637938,2.5781907079560185,3.021077618601886,3.2687647988158375,-0.52,5.3209,-1.78,-1.5395,-3.0131,-2.28,1.27,5.46,7.473,-4.61
2021-08,2.2349828490888957,2.4687522944256024,2.716741950216961,3.076274975041926,3.2689753819082457,-1.79,2.3736,-0.15,-2.054,-0.7712,2.45,2.91,-0.28,1.2468,-0.68
2021-09,-1.9935522177548792,-1.641591395488451,-1.3368824611618924,-1.1552752419932255,-1.0466187478827549,2.1,-4.6872,5.08,3.2832,0.7796,1.49,-4.37,-1.96,-1.7584,1.12
2021-10,2.6992176398358936,3.5183046018316677,4.230886664294298,4.870285501662219,5.653729951159536,-1.45,3.3914,-0.49,-2.2802,-1.9889,3.19,6.65,1.66,3.3116,-2.7
2021-11,-0.1452131232582365,0.8311008860907743,1.9462738551196737,3.1072748679915607,4.319643285216079,1.73,4.796,-0.45,-0.3591,-0.6214,0.88,-1.55,7.2,8.3907,-1.77
2021-12,4.900089973969467,5.08569186125558,5.224004832268857,5.267949109526814,5.287770622113363,4.4,1.2502,3.26,5.2655,-0.5947,-2.6,3.1,4.91,3.7494,-0.8
2022-01,-1.3514676960305172,-1.3534777306083878,-1.355358830807818,-0.827525478109703,-0.2078438976465424,7.72,-3.3889,12.75,10.3845,-3.734,-2.6,-6.25,0.84,0.7958,-4.06
2022-02,4.3373983692360785,4.335207645420769,4.333155658856569,4.507551672434862,5.011991011152617,3.12,-4.2422,3.08,3.6933,3.1876,1.76,-2.29,-2.09,-2.3836,2.92
2022-03,4.664348132980311,4.664977300091254,4.665572456913546,4.737621289032257,4.655764197444222,3.14,-1.4303,-1.81,3.2339,-1.8472,3.01,3.05,-1.53,-0.112,-2.17
2022-04,-1.7553106951874853,-1.753920040829494,-1.7526143304536956,-1.0126963835196967,0.0152158777628519,5.89,0.0161,6.17,6.0285,0.8844,4.87,-9.46,3.52,4.6841,-0.39
2022-05,0.11408353125352491,0.114951675422611,0.11576710342333321,1.1059148768429028,2.0500473524781095,3.97,1.2622,8.39,5.733,0.807,2.43,-0.34,1.56,1.064,-0.06
2022-06,-1.575643122117305,-1.5786753234019744,-1.5815239427129544,-1.208536125464472,-0.7697157835277091,-4.69,1.4046,-5.97,-5.6119,0.6968,0.75,-8.43,1.81,1.0063,1.3
2022-07,1.0323557056481822,1.035436472631548,1.0383294399659928,1.255938015690119,1.7156218191325536,-6.83,2.3743,-4.05,-5.596,0.2844,-3.95,9.57,0.82,-2.0623,1.82
2022-08,-2.2184461660531993,-2.218847052101146,-2.219218336304517,-1.4607654029322168,-0.556437388874985,1.29,-3.4257,0.29,2.7022,1.4702,2.04,-3.77,-4.75,-2.6136,1.52
2022-09,-3.0919246376497664,-3.093449828773119,-3.09488552569228,-2.5310932764026948,-2.260664475684636,-0.8,1.6949,0.05,-0.3029,-1.7464,3.51,-9.35,-1.51,1.1599,-1.05
2022-10,4.472905885559083,4.473993626575564,4.475018658069937,5.605398206946074,7.146394725860757,6.64,-0.895,8.01,7.5208,4.8084,3.96,7.83,3.34,5.1531,1.89
2022-11,1.6358556433926263,1.6388607645276956,1.6416752112571888,1.9186585536879255,2.423919396498632,3.18,1.3382,1.38,2.1134,-2.3135,-1.98,4.6,6.38,2.5263,-2.74
2022-12,-1.6076448065990652,-1.609464150248011,-1.6111705631935234,-1.3067254516717894,-0.8314085402130553,4.2,-0.4092,1.37,3.9516,0.3653,4.55,-6.41,0.25,-0.4662,-0.15
2023-01,2.324054678092918,2.9833520593622267,3.882385732886823,4.973636684389621,6.170059928416,-4.47,-2.0987,-4.01,-5.4623,4.7247,-16.01,6.65,-2.44,-4.2413,4.41
2023-02,-1.4068113960992987,-1.0150481145911814,-0.21915395573336863,0.37285250419967914,0.9124677943216655,-1.33,1.9794,-0.81,-1.3424,-0.1313,0.15,-2.58,1.01,2.9243,0.66
2023-03,1.5817053819327458,2.3185955496478,3.0773313687309893,3.7142464764731424,4.157100885246661,-2.37,6.312,-8.85,-3.2743,-7.7886,-2.47,2.51,2.24,1.1849,-6.94
2023-04,1.2663076795648434,1.592787694644843,1.7455323427066296,2.057633009131782,2.324913639041909,2.86,-0.5297,-0.04,3.0871,-1.9674,1.62,0.61,2.42,-1.0976,-2.56
2023-05,-2.082367833830396,-1.202891826181613,-0.051728032541049296,1.0818812447561714,2.170312504328225,-7.22,1.7062,-7.72,-6.9667,-1.7025,-0.63,0.35,-1.81,-1.1789,-0.38
2023-06,3.1972143793304713,3.7203537496171895,4.686040460047702,5.623769225857189,6.544127849891956,-1.62,0.2824,-0.26,-1.4515,2.6905,-2.37,6.46,2.18,4.2909,1.34
2023-07,0.06282677292920907,0.5155419447387459,1.1422383066313995,1.4882341756745137,1.7759124082412152,0.57,-1.0095,4.11,-0.5918,1.4887,-3.98,3.21,-0.57,-0.6995,2.86
2023-08,-0.8234020304183793,-0.24571660119130892,0.5126469022838258,1.4472792384349455,2.5295246371227655,-2.37,5.0538,-1.06,-0.8323,-2.3035,3.77,-2.39,3.43,5.1629,-3.65
2023-09,-1.478031133469551,-1.1840836210917722,-0.9105538283633392,-0.7619001222262585,-0.5561903684670828,-0.83,3.0499,1.52,-0.5022,-0.1586,0.26,-5.24,1.86,3.3765,-1.8
2023-10,-0.012652064022041387,0.5287630248791346,1.0044177579269158,1.241599152165455,1.333310224991872,-0.66,4.6495,0.19,-0.3951,-2.6272,1.73,-3.19,2.46,5.771,-4.04
2023-11,3.006875479646261,3.617281190884976,4.629087798516691,5.692444824596161,6.9607505442314155,-1.0,-3.2768,1.64,-2.2334,-0.7873,2.75,8.84,-3.91,-3.8269,-0.12
2023-12,1.7477601829026772,1.9401868324485176,2.2662810834918026,2.8118721496864088,3.4959736006817423,1.32,-4.2574,4.94,0.4286,5.4177,-5.56,4.85,-3.07,-3.6554,7.32
